id,name,iso3,iso2,phone_code,capital,currency,currency_symbol,tld,native,region,subregion,timezones,latitude,longitude,emoji,emojiU
1,Afghanistan,AFG,AF,93,Kabul,AFN,,.af,fGnstn,Asia,Southern Asia,"[{zoneName:'Asia\/Kabul',gmtOffset:16200,gmtOffsetName:'UTC+04:30',abbreviation:'AFT',tzName:'Afghanistan Time'}]",33.0,65.0,,U+1F1E6 U+1F1EB
2,Aland Islands,ALA,AX,+358-18,Mariehamn,EUR,EUR,.ax,Aland,Europe,Northern Europe,"[{zoneName:'Europe\/Mariehamn',gmtOffset:7200,gmtOffsetName:'UTC+02:00',abbreviation:'EET',tzName:'Eastern European Time'}]",60.116667,19.9,,U+1F1E6 U+1F1FD
3,Albania,ALB,AL,355,Tirana,ALL,Lek,.al,Shqiperia,Europe,Southern Europe,"[{zoneName:'Europe\/Tirane',gmtOffset:3600,gmtOffsetName:'UTC+01:00',abbreviation:'CET',tzName:'Central European Time'}]",41.0,20.0,,U+1F1E6 U+1F1F1
4,Algeria,DZA,DZ,213,Algiers,DZD,dj,.dz,ljzy'r,Africa,Northern Africa,"[{zoneName:'Africa\/Algiers',gmtOffset:3600,gmtOffsetName:'UTC+01:00',abbreviation:'CET',tzName:'Central European Time'}]",28.0,3.0,,U+1F1E9 U+1F1FF
5,American Samoa,ASM,AS,+1-684,Pago Pago,USD,$,.as,American Samoa,Oceania,Polynesia,"[{zoneName:'Pacific\/Pago_Pago',gmtOffset:-39600,gmtOffsetName:'UTC-11:00',abbreviation:'SST',tzName:'Samoa Standard Time'}]",-14.33333333,-170.0,,U+1F1E6 U+1F1F8
6,Andorra,AND,AD,376,Andorra la Vella,EUR,EUR,.ad,Andorra,Europe,Southern Europe,"[{zoneName:'Europe\/Andorra',gmtOffset:3600,gmtOffsetName:'UTC+01:00',abbreviation:'CET',tzName:'Central European Time'}]",42.5,1.5,,U+1F1E6 U+1F1E9
7,Angola,AGO,AO,244,Luanda,AOA,Kz,.ao,Angola,Africa,Middle Africa,"[{zoneName:'Africa\/Luanda',gmtOffset:3600,gmtOffsetName:'UTC+01:00',abbreviation:'WAT',tzName:'West Africa Time'}]",-12.5,18.5,,U+1F1E6 U+1F1F4
8,Anguilla,AIA,AI,+1-264,The Valley,XCD,$,.ai,Anguilla,Americas,Caribbean,"[{zoneName:'America\/Anguilla',gmtOffset:-14400,gmtOffsetName:'UTC-04:00',abbreviation:'AST',tzName:'Atlantic Standard Time'}]",18.25,-63.16666666,,U+1F1E6 U+1F1EE
9,Antarctica,ATA,AQ,,,,$,.aq,Antarctica,Polar,,"[{zoneName:'Antarctica\/Casey',gmtOffset:39600,gmtOffsetName:'UTC+11:00',abbreviation:'AWST',tzName:'Australian Western Standard Time'},{zoneName:'Antarctica\/Davis',gmtOffset:25200,gmtOffsetName:'UTC+07:00',abbreviation:'DAVT',tzName:'Davis Time'},{zoneName:'Antarctica\/DumontDUrville',gmtOffset:36000,gmtOffsetName:'UTC+10:00',abbreviation:'DDUT',tzName:'Dumont d'Urville Time'},{zoneName:'Antarctica\/Mawson',gmtOffset:18000,gmtOffsetName:'UTC+05:00',abbreviation:'MAWT',tzName:'Mawson Station Time'},{zoneName:'Antarctica\/McMurdo',gmtOffset:46800,gmtOffsetName:'UTC+13:00',abbreviation:'NZDT',tzName:'New Zealand Daylight Time'},{zoneName:'Antarctica\/Palmer',gmtOffset:-10800,gmtOffsetName:'UTC-03:00',abbreviation:'CLST',tzName:'Chile Summer Time'},{zoneName:'Antarctica\/Rothera',gmtOffset:-10800,gmtOffsetName:'UTC-03:00',abbreviation:'ROTT',tzName:'Rothera Research Station Time'},{zoneName:'Antarctica\/Syowa',gmtOffset:10800,gmtOffsetName:'UTC+03:00',abbreviation:'SYOT',tzName:'Showa Station Time'},{zoneName:'Antarctica\/Troll',gmtOffset:0,gmtOffsetName:'UTC\u00b100',abbreviation:'GMT',tzName:'Greenwich Mean Time'},{zoneName:'Antarctica\/Vostok',gmtOffset:21600,gmtOffsetName:'UTC+06:00',abbreviation:'VOST',tzName:'Vostok Station Time'}]",-74.65,4.48,,U+1F1E6 U+1F1F6
10,Antigua And Barbuda,ATG,AG,+1-268,St. John's,XCD,$,.ag,Antigua and Barbuda,Americas,Caribbean,"[{zoneName:'America\/Antigua',gmtOffset:-14400,gmtOffsetName:'UTC-04:00',abbreviation:'AST',tzName:'Atlantic Standard Time'}]",17.05,-61.8,,U+1F1E6 U+1F1EC
11,Argentina,ARG,AR,54,Buenos Aires,ARS,$,.ar,Argentina,Americas,South America,"[{zoneName:'America\/Argentina\/Buenos_Aires',gmtOffset:-10800,gmtOffsetName:'UTC-03:00',abbreviation:'ART',tzName:'Argentina Time'},{zoneName:'America\/Argentina\/Catamarca',gmtOffset:-10800,gmtOffsetName:'UTC-03:00',abbreviation:'ART',tzName:'Argentina Time'},{zoneName:'America\/Argentina\/Cordoba',gmtOffset:-10800,gmtOffsetName:'UTC-03:00',abbreviation:'ART',tzName:'Argentina Time'},{zoneName:'America\/Argentina\/Jujuy',gmtOffset:-10800,gmtOffsetName:'UTC-03:00',abbreviation:'ART',tzName:'Argentina Time'},{zoneName:'America\/Argentina\/La_Rioja',gmtOffset:-10800,gmtOffsetName:'UTC-03:00',abbreviation:'ART',tzName:'Argentina Time'},{zoneName:'America\/Argentina\/Mendoza',gmtOffset:-10800,gmtOffsetName:'UTC-03:00',abbreviation:'ART',tzName:'Argentina Time'},{zoneName:'America\/Argentina\/Rio_Gallegos',gmtOffset:-10800,gmtOffsetName:'UTC-03:00',abbreviation:'ART',tzName:'Argentina Time'},{zoneName:'America\/Argentina\/Salta',gmtOffset:-10800,gmtOffsetName:'UTC-03:00',abbreviation:'ART',tzName:'Argentina Time'},{zoneName:'America\/Argentina\/San_Juan',gmtOffset:-10800,gmtOffsetName:'UTC-03:00',abbreviation:'ART',tzName:'Argentina Time'},{zoneName:'America\/Argentina\/San_Luis',gmtOffset:-10800,gmtOffsetName:'UTC-03:00',abbreviation:'ART',tzName:'Argentina Time'},{zoneName:'America\/Argentina\/Tucuman',gmtOffset:-10800,gmtOffsetName:'UTC-03:00',abbreviation:'ART',tzName:'Argentina Time'},{zoneName:'America\/Argentina\/Ushuaia',gmtOffset:-10800,gmtOffsetName:'UTC-03:00',abbreviation:'ART',tzName:'Argentina Time'}]",-34.0,-64.0,,U+1F1E6 U+1F1F7
12,Armenia,ARM,AM,374,Yerevan,AMD,,.am,Hayastan,Asia,Western Asia,"[{zoneName:'Asia\/Yerevan',gmtOffset:14400,gmtOffsetName:'UTC+04:00',abbreviation:'AMT',tzName:'Armenia Time'}]",40.0,45.0,,U+1F1E6 U+1F1F2
13,Aruba,ABW,AW,297,Oranjestad,AWG,f,.aw,Aruba,Americas,Caribbean,"[{zoneName:'America\/Aruba',gmtOffset:-14400,gmtOffsetName:'UTC-04:00',abbreviation:'AST',tzName:'Atlantic Standard Time'}]",12.5,-69.96666666,,U+1F1E6 U+1F1FC
14,Australia,AUS,AU,61,Canberra,AUD,$,.au,Australia,Oceania,Australia and New Zealand,"[{zoneName:'Antarctica\/Macquarie',gmtOffset:39600,gmtOffsetName:'UTC+11:00',abbreviation:'MIST',tzName:'Macquarie Island Station Time'},{zoneName:'Australia\/Adelaide',gmtOffset:37800,gmtOffsetName:'UTC+10:30',abbreviation:'ACDT',tzName:'Australian Central Daylight Saving Time'},{zoneName:'Australia\/Brisbane',gmtOffset:36000,gmtOffsetName:'UTC+10:00',abbreviation:'AEST',tzName:'Australian Eastern Standard Time'},{zoneName:'Australia\/Broken_Hill',gmtOffset:37800,gmtOffsetName:'UTC+10:30',abbreviation:'ACDT',tzName:'Australian Central Daylight Saving Time'},{zoneName:'Australia\/Currie',gmtOffset:39600,gmtOffsetName:'UTC+11:00',abbreviation:'AEDT',tzName:'Australian Eastern Daylight Saving Time'},{zoneName:'Australia\/Darwin',gmtOffset:34200,gmtOffsetName:'UTC+09:30',abbreviation:'ACST',tzName:'Australian Central Standard Time'},{zoneName:'Australia\/Eucla',gmtOffset:31500,gmtOffsetName:'UTC+08:45',abbreviation:'ACWST',tzName:'Australian Central Western Standard Time (Unofficial)'},{zoneName:'Australia\/Hobart',gmtOffset:39600,gmtOffsetName:'UTC+11:00',abbreviation:'AEDT',tzName:'Australian Eastern Daylight Saving Time'},{zoneName:'Australia\/Lindeman',gmtOffset:36000,gmtOffsetName:'UTC+10:00',abbreviation:'AEST',tzName:'Australian Eastern Standard Time'},{zoneName:'Australia\/Lord_Howe',gmtOffset:39600,gmtOffsetName:'UTC+11:00',abbreviation:'LHST',tzName:'Lord Howe Summer Time'},{zoneName:'Australia\/Melbourne',gmtOffset:39600,gmtOffsetName:'UTC+11:00',abbreviation:'AEDT',tzName:'Australian Eastern Daylight Saving Time'},{zoneName:'Australia\/Perth',gmtOffset:28800,gmtOffsetName:'UTC+08:00',abbreviation:'AWST',tzName:'Australian Western Standard Time'},{zoneName:'Australia\/Sydney',gmtOffset:39600,gmtOffsetName:'UTC+11:00',abbreviation:'AEDT',tzName:'Australian Eastern Daylight Saving Time'}]",-27.0,133.0,,U+1F1E6 U+1F1FA
15,Austria,AUT,AT,43,Vienna,EUR,EUR,.at,Osterreich,Europe,Western Europe,"[{zoneName:'Europe\/Vienna',gmtOffset:3600,gmtOffsetName:'UTC+01:00',abbreviation:'CET',tzName:'Central European Time'}]",47.33333333,13.33333333,,U+1F1E6 U+1F1F9
16,Azerbaijan,AZE,AZ,994,Baku,AZN,m,.az,Az@rbaycan,Asia,Western Asia,"[{zoneName:'Asia\/Baku',gmtOffset:14400,gmtOffsetName:'UTC+04:00',abbreviation:'AZT',tzName:'Azerbaijan Time'}]",40.5,47.5,,U+1F1E6 U+1F1FF
17,Bahamas The,BHS,BS,+1-242,Nassau,BSD,B$,.bs,Bahamas,Americas,Caribbean,"[{zoneName:'America\/Nassau',gmtOffset:-18000,gmtOffsetName:'UTC-05:00',abbreviation:'EST',tzName:'Eastern Standard Time (North America)'}]",24.25,-76.0,,U+1F1E7 U+1F1F8
18,Bahrain,BHR,BH,973,Manama,BHD,.d.b,.bh,lbHryn,Asia,Western Asia,"[{zoneName:'Asia\/Bahrain',gmtOffset:10800,gmtOffsetName:'UTC+03:00',abbreviation:'AST',tzName:'Arabia Standard Time'}]",26.0,50.55,,U+1F1E7 U+1F1ED
19,Bangladesh,BGD,BD,880,Dhaka,BDT,Rs,.bd,Bangladesh,Asia,Southern Asia,"[{zoneName:'Asia\/Dhaka',gmtOffset:21600,gmtOffsetName:'UTC+06:00',abbreviation:'BDT',tzName:'Bangladesh Standard Time'}]",24.0,90.0,,U+1F1E7 U+1F1E9
20,Barbados,BRB,BB,+1-246,Bridgetown,BBD,Bds$,.bb,Barbados,Americas,Caribbean,"[{zoneName:'America\/Barbados',gmtOffset:-14400,gmtOffsetName:'UTC-04:00',abbreviation:'AST',tzName:'Atlantic Standard Time'}]",13.16666666,-59.53333333,,U+1F1E7 U+1F1E7
21,Belarus,BLR,BY,375,Minsk,BYN,Br,.by,Belarus',Europe,Eastern Europe,"[{zoneName:'Europe\/Minsk',gmtOffset:10800,gmtOffsetName:'UTC+03:00',abbreviation:'MSK',tzName:'Moscow Time'}]",53.0,28.0,,U+1F1E7 U+1F1FE
22,Belgium,BEL,BE,32,Brussels,EUR,EUR,.be,Belgie,Europe,Western Europe,"[{zoneName:'Europe\/Brussels',gmtOffset:3600,gmtOffsetName:'UTC+01:00',abbreviation:'CET',tzName:'Central European Time'}]",50.83333333,4.0,,U+1F1E7 U+1F1EA
23,Belize,BLZ,BZ,501,Belmopan,BZD,$,.bz,Belize,Americas,Central America,"[{zoneName:'America\/Belize',gmtOffset:-21600,gmtOffsetName:'UTC-06:00',abbreviation:'CST',tzName:'Central Standard Time (North America)'}]",17.25,-88.75,,U+1F1E7 U+1F1FF
24,Benin,BEN,BJ,229,Porto-Novo,XOF,CFA,.bj,Benin,Africa,Western Africa,"[{zoneName:'Africa\/Porto-Novo',gmtOffset:3600,gmtOffsetName:'UTC+01:00',abbreviation:'WAT',tzName:'West Africa Time'}]",9.5,2.25,,U+1F1E7 U+1F1EF
25,Bermuda,BMU,BM,+1-441,Hamilton,BMD,$,.bm,Bermuda,Americas,Northern America,"[{zoneName:'Atlantic\/Bermuda',gmtOffset:-14400,gmtOffsetName:'UTC-04:00',abbreviation:'AST',tzName:'Atlantic Standard Time'}]",32.33333333,-64.75,,U+1F1E7 U+1F1F2
26,Bhutan,BTN,BT,975,Thimphu,BTN,Nu.,.bt,'brug-yul,Asia,Southern Asia,"[{zoneName:'Asia\/Thimphu',gmtOffset:21600,gmtOffsetName:'UTC+06:00',abbreviation:'BTT',tzName:'Bhutan Time'}]",27.5,90.5,,U+1F1E7 U+1F1F9
27,Bolivia,BOL,BO,591,Sucre,BOB,Bs.,.bo,Bolivia,Americas,South America,"[{zoneName:'America\/La_Paz',gmtOffset:-14400,gmtOffsetName:'UTC-04:00',abbreviation:'BOT',tzName:'Bolivia Time'}]",-17.0,-65.0,,U+1F1E7 U+1F1F4
155,"Bonaire, Sint Eustatius and Saba",BES,BQ,599,Kralendijk,USD,$,.an,Caribisch Nederland,Americas,Caribbean,"[{zoneName:'America\/Anguilla',gmtOffset:-14400,gmtOffsetName:'UTC-04:00',abbreviation:'AST',tzName:'Atlantic Standard Time'}]",12.15,-68.266667,,U+1F1E7 U+1F1F6
28,Bosnia and Herzegovina,BIH,BA,387,Sarajevo,BAM,KM,.ba,Bosna i Hercegovina,Europe,Southern Europe,"[{zoneName:'Europe\/Sarajevo',gmtOffset:3600,gmtOffsetName:'UTC+01:00',abbreviation:'CET',tzName:'Central European Time'}]",44.0,18.0,,U+1F1E7 U+1F1E6
29,Botswana,BWA,BW,267,Gaborone,BWP,P,.bw,Botswana,Africa,Southern Africa,"[{zoneName:'Africa\/Gaborone',gmtOffset:7200,gmtOffsetName:'UTC+02:00',abbreviation:'CAT',tzName:'Central Africa Time'}]",-22.0,24.0,,U+1F1E7 U+1F1FC
30,Bouvet Island,BVT,BV,0055,,NOK,kr,.bv,Bouvetoya,,,"[{zoneName:'Europe\/Oslo',gmtOffset:3600,gmtOffsetName:'UTC+01:00',abbreviation:'CET',tzName:'Central European Time'}]",-54.43333333,3.4,,U+1F1E7 U+1F1FB
31,Brazil,BRA,BR,55,Brasilia,BRL,R$,.br,Brasil,Americas,South America,"[{zoneName:'America\/Araguaina',gmtOffset:-10800,gmtOffsetName:'UTC-03:00',abbreviation:'BRT',tzName:'Bras\u00edlia Time'},{zoneName:'America\/Bahia',gmtOffset:-10800,gmtOffsetName:'UTC-03:00',abbreviation:'BRT',tzName:'Bras\u00edlia Time'},{zoneName:'America\/Belem',gmtOffset:-10800,gmtOffsetName:'UTC-03:00',abbreviation:'BRT',tzName:'Bras\u00edlia Time'},{zoneName:'America\/Boa_Vista',gmtOffset:-14400,gmtOffsetName:'UTC-04:00',abbreviation:'AMT',tzName:'Amazon Time (Brazil)[3'},{zoneName:'America\/Campo_Grande',gmtOffset:-14400,gmtOffsetName:'UTC-04:00',abbreviation:'AMT',tzName:'Amazon Time (Brazil)[3'},{zoneName:'America\/Cuiaba',gmtOffset:-14400,gmtOffsetName:'UTC-04:00',abbreviation:'BRT',tzName:'Brasilia Time'},{zoneName:'America\/Eirunepe',gmtOffset:-18000,gmtOffsetName:'UTC-05:00',abbreviation:'ACT',tzName:'Acre Time'},{zoneName:'America\/Fortaleza',gmtOffset:-10800,gmtOffsetName:'UTC-03:00',abbreviation:'BRT',tzName:'Bras\u00edlia Time'},{zoneName:'America\/Maceio',gmtOffset:-10800,gmtOffsetName:'UTC-03:00',abbreviation:'BRT',tzName:'Bras\u00edlia Time'},{zoneName:'America\/Manaus',gmtOffset:-14400,gmtOffsetName:'UTC-04:00',abbreviation:'AMT',tzName:'Amazon Time (Brazil)'},{zoneName:'America\/Noronha',gmtOffset:-7200,gmtOffsetName:'UTC-02:00',abbreviation:'FNT',tzName:'Fernando de Noronha Time'},{zoneName:'America\/Porto_Velho',gmtOffset:-14400,gmtOffsetName:'UTC-04:00',abbreviation:'AMT',tzName:'Amazon Time (Brazil)[3'},{zoneName:'America\/Recife',gmtOffset:-10800,gmtOffsetName:'UTC-03:00',abbreviation:'BRT',tzName:'Bras\u00edlia Time'},{zoneName:'America\/Rio_Branco',gmtOffset:-18000,gmtOffsetName:'UTC-05:00',abbreviation:'ACT',tzName:'Acre Time'},{zoneName:'America\/Santarem',gmtOffset:-10800,gmtOffsetName:'UTC-03:00',abbreviation:'BRT',tzName:'Bras\u00edlia Time'},{zoneName:'America\/Sao_Paulo',gmtOffset:-10800,gmtOffsetName:'UTC-03:00',abbreviation:'BRT',tzName:'Bras\u00edlia Time'}]",-10.0,-55.0,,U+1F1E7 U+1F1F7
32,British Indian Ocean Territory,IOT,IO,246,Diego Garcia,USD,$,.io,British Indian Ocean Territory,Africa,Eastern Africa,"[{zoneName:'Indian\/Chagos',gmtOffset:21600,gmtOffsetName:'UTC+06:00',abbreviation:'IOT',tzName:'Indian Ocean Time'}]",-6.0,71.5,,U+1F1EE U+1F1F4
33,Brunei,BRN,BN,673,Bandar Seri Begawan,BND,B$,.bn,Negara Brunei Darussalam,Asia,South-Eastern Asia,"[{zoneName:'Asia\/Brunei',gmtOffset:28800,gmtOffsetName:'UTC+08:00',abbreviation:'BNT',tzName:'Brunei Darussalam Time'}]",4.5,114.66666666,,U+1F1E7 U+1F1F3
34,Bulgaria,BGR,BG,359,Sofia,BGN,Lv.,.bg,B'lgariia,Europe,Eastern Europe,"[{zoneName:'Europe\/Sofia',gmtOffset:7200,gmtOffsetName:'UTC+02:00',abbreviation:'EET',tzName:'Eastern European Time'}]",43.0,25.0,,U+1F1E7 U+1F1EC
35,Burkina Faso,BFA,BF,226,Ouagadougou,XOF,CFA,.bf,Burkina Faso,Africa,Western Africa,"[{zoneName:'Africa\/Ouagadougou',gmtOffset:0,gmtOffsetName:'UTC\u00b100',abbreviation:'GMT',tzName:'Greenwich Mean Time'}]",13.0,-2.0,,U+1F1E7 U+1F1EB
36,Burundi,BDI,BI,257,Bujumbura,BIF,FBu,.bi,Burundi,Africa,Eastern Africa,"[{zoneName:'Africa\/Bujumbura',gmtOffset:7200,gmtOffsetName:'UTC+02:00',abbreviation:'CAT',tzName:'Central Africa Time'}]",-3.5,30.0,,U+1F1E7 U+1F1EE
37,Cambodia,KHM,KH,855,Phnom Penh,KHR,KHR,.kh,Kampuchea,Asia,South-Eastern Asia,"[{zoneName:'Asia\/Phnom_Penh',gmtOffset:25200,gmtOffsetName:'UTC+07:00',abbreviation:'ICT',tzName:'Indochina Time'}]",13.0,105.0,,U+1F1F0 U+1F1ED
38,Cameroon,CMR,CM,237,Yaounde,XAF,FCFA,.cm,Cameroon,Africa,Middle Africa,"[{zoneName:'Africa\/Douala',gmtOffset:3600,gmtOffsetName:'UTC+01:00',abbreviation:'WAT',tzName:'West Africa Time'}]",6.0,12.0,,U+1F1E8 U+1F1F2
39,Canada,CAN,CA,1,Ottawa,CAD,$,.ca,Canada,Americas,Northern America,"[{zoneName:'America\/Atikokan',gmtOffset:-18000,gmtOffsetName:'UTC-05:00',abbreviation:'EST',tzName:'Eastern Standard Time (North America)'},{zoneName:'America\/Blanc-Sablon',gmtOffset:-14400,gmtOffsetName:'UTC-04:00',abbreviation:'AST',tzName:'Atlantic Standard Time'},{zoneName:'America\/Cambridge_Bay',gmtOffset:-25200,gmtOffsetName:'UTC-07:00',abbreviation:'MST',tzName:'Mountain Standard Time (North America)'},{zoneName:'America\/Creston',gmtOffset:-25200,gmtOffsetName:'UTC-07:00',abbreviation:'MST',tzName:'Mountain Standard Time (North America)'},{zoneName:'America\/Dawson',gmtOffset:-25200,gmtOffsetName:'UTC-07:00',abbreviation:'MST',tzName:'Mountain Standard Time (North America)'},{zoneName:'America\/Dawson_Creek',gmtOffset:-25200,gmtOffsetName:'UTC-07:00',abbreviation:'MST',tzName:'Mountain Standard Time (North America)'},{zoneName:'America\/Edmonton',gmtOffset:-25200,gmtOffsetName:'UTC-07:00',abbreviation:'MST',tzName:'Mountain Standard Time (North America)'},{zoneName:'America\/Fort_Nelson',gmtOffset:-25200,gmtOffsetName:'UTC-07:00',abbreviation:'MST',tzName:'Mountain Standard Time (North America)'},{zoneName:'America\/Glace_Bay',gmtOffset:-14400,gmtOffsetName:'UTC-04:00',abbreviation:'AST',tzName:'Atlantic Standard Time'},{zoneName:'America\/Goose_Bay',gmtOffset:-14400,gmtOffsetName:'UTC-04:00',abbreviation:'AST',tzName:'Atlantic Standard Time'},{zoneName:'America\/Halifax',gmtOffset:-14400,gmtOffsetName:'UTC-04:00',abbreviation:'AST',tzName:'Atlantic Standard Time'},{zoneName:'America\/Inuvik',gmtOffset:-25200,gmtOffsetName:'UTC-07:00',abbreviation:'MST',tzName:'Mountain Standard Time (North America'},{zoneName:'America\/Iqaluit',gmtOffset:-18000,gmtOffsetName:'UTC-05:00',abbreviation:'EST',tzName:'Eastern Standard Time (North America'},{zoneName:'America\/Moncton',gmtOffset:-14400,gmtOffsetName:'UTC-04:00',abbreviation:'AST',tzName:'Atlantic Standard Time'},{zoneName:'America\/Nipigon',gmtOffset:-18000,gmtOffsetName:'UTC-05:00',abbreviation:'EST',tzName:'Eastern Standard Time (North America'},{zoneName:'America\/Pangnirtung',gmtOffset:-18000,gmtOffsetName:'UTC-05:00',abbreviation:'EST',tzName:'Eastern Standard Time (North America'},{zoneName:'America\/Rainy_River',gmtOffset:-21600,gmtOffsetName:'UTC-06:00',abbreviation:'CST',tzName:'Central Standard Time (North America'},{zoneName:'America\/Rankin_Inlet',gmtOffset:-21600,gmtOffsetName:'UTC-06:00',abbreviation:'CST',tzName:'Central Standard Time (North America'},{zoneName:'America\/Regina',gmtOffset:-21600,gmtOffsetName:'UTC-06:00',abbreviation:'CST',tzName:'Central Standard Time (North America'},{zoneName:'America\/Resolute',gmtOffset:-21600,gmtOffsetName:'UTC-06:00',abbreviation:'CST',tzName:'Central Standard Time (North America'},{zoneName:'America\/St_Johns',gmtOffset:-12600,gmtOffsetName:'UTC-03:30',abbreviation:'NST',tzName:'Newfoundland Standard Time'},{zoneName:'America\/Swift_Current',gmtOffset:-21600,gmtOffsetName:'UTC-06:00',abbreviation:'CST',tzName:'Central Standard Time (North America'},{zoneName:'America\/Thunder_Bay',gmtOffset:-18000,gmtOffsetName:'UTC-05:00',abbreviation:'EST',tzName:'Eastern Standard Time (North America'},{zoneName:'America\/Toronto',gmtOffset:-18000,gmtOffsetName:'UTC-05:00',abbreviation:'EST',tzName:'Eastern Standard Time (North America'},{zoneName:'America\/Vancouver',gmtOffset:-28800,gmtOffsetName:'UTC-08:00',abbreviation:'PST',tzName:'Pacific Standard Time (North America'},{zoneName:'America\/Whitehorse',gmtOffset:-25200,gmtOffsetName:'UTC-07:00',abbreviation:'MST',tzName:'Mountain Standard Time (North America'},{zoneName:'America\/Winnipeg',gmtOffset:-21600,gmtOffsetName:'UTC-06:00',abbreviation:'CST',tzName:'Central Standard Time (North America'},{zoneName:'America\/Yellowknife',gmtOffset:-25200,gmtOffsetName:'UTC-07:00',abbreviation:'MST',tzName:'Mountain Standard Time (North America'}]",60.0,-95.0,,U+1F1E8 U+1F1E6
40,Cape Verde,CPV,CV,238,Praia,CVE,$,.cv,Cabo Verde,Africa,Western Africa,"[{zoneName:'Atlantic\/Cape_Verde',gmtOffset:-3600,gmtOffsetName:'UTC-01:00',abbreviation:'CVT',tzName:'Cape Verde Time'}]",16.0,-24.0,,U+1F1E8 U+1F1FB
41,Cayman Islands,CYM,KY,+1-345,George Town,KYD,$,.ky,Cayman Islands,Americas,Caribbean,"[{zoneName:'America\/Cayman',gmtOffset:-18000,gmtOffsetName:'UTC-05:00',abbreviation:'EST',tzName:'Eastern Standard Time (North America'}]",19.5,-80.5,,U+1F1F0 U+1F1FE
42,Central African Republic,CAF,CF,236,Bangui,XAF,FCFA,.cf,Kodorosese ti Beafrika,Africa,Middle Africa,"[{zoneName:'Africa\/Bangui',gmtOffset:3600,gmtOffsetName:'UTC+01:00',abbreviation:'WAT',tzName:'West Africa Time'}]",7.0,21.0,,U+1F1E8 U+1F1EB
43,Chad,TCD,TD,235,N'Djamena,XAF,FCFA,.td,Tchad,Africa,Middle Africa,"[{zoneName:'Africa\/Ndjamena',gmtOffset:3600,gmtOffsetName:'UTC+01:00',abbreviation:'WAT',tzName:'West Africa Time'}]",15.0,19.0,,U+1F1F9 U+1F1E9
44,Chile,CHL,CL,56,Santiago,CLP,$,.cl,Chile,Americas,South America,"[{zoneName:'America\/Punta_Arenas',gmtOffset:-10800,gmtOffsetName:'UTC-03:00',abbreviation:'CLST',tzName:'Chile Summer Time'},{zoneName:'America\/Santiago',gmtOffset:-10800,gmtOffsetName:'UTC-03:00',abbreviation:'CLST',tzName:'Chile Summer Time'},{zoneName:'Pacific\/Easter',gmtOffset:-18000,gmtOffsetName:'UTC-05:00',abbreviation:'EASST',tzName:'Easter Island Summer Time'}]",-30.0,-71.0,,U+1F1E8 U+1F1F1
45,China,CHN,CN,86,Beijing,CNY,Y=,.cn,Zhong Guo ,Asia,Eastern Asia,"[{zoneName:'Asia\/Shanghai',gmtOffset:28800,gmtOffsetName:'UTC+08:00',abbreviation:'CST',tzName:'China Standard Time'},{zoneName:'Asia\/Urumqi',gmtOffset:21600,gmtOffsetName:'UTC+06:00',abbreviation:'XJT',tzName:'China Standard Time'}]",35.0,105.0,,U+1F1E8 U+1F1F3
46,Christmas Island,CXR,CX,61,Flying Fish Cove,AUD,$,.cx,Christmas Island,Oceania,Australia and New Zealand,"[{zoneName:'Indian\/Christmas',gmtOffset:25200,gmtOffsetName:'UTC+07:00',abbreviation:'CXT',tzName:'Christmas Island Time'}]",-10.5,105.66666666,,U+1F1E8 U+1F1FD
47,Cocos (Keeling) Islands,CCK,CC,61,West Island,AUD,$,.cc,Cocos (Keeling) Islands,Oceania,Australia and New Zealand,"[{zoneName:'Indian\/Cocos',gmtOffset:23400,gmtOffsetName:'UTC+06:30',abbreviation:'CCT',tzName:'Cocos Islands Time'}]",-12.5,96.83333333,,U+1F1E8 U+1F1E8
48,Colombia,COL,CO,57,Bogota,COP,$,.co,Colombia,Americas,South America,"[{zoneName:'America\/Bogota',gmtOffset:-18000,gmtOffsetName:'UTC-05:00',abbreviation:'COT',tzName:'Colombia Time'}]",4.0,-72.0,,U+1F1E8 U+1F1F4
49,Comoros,COM,KM,269,Moroni,KMF,CF,.km,Komori,Africa,Eastern Africa,"[{zoneName:'Indian\/Comoro',gmtOffset:10800,gmtOffsetName:'UTC+03:00',abbreviation:'EAT',tzName:'East Africa Time'}]",-12.16666666,44.25,,U+1F1F0 U+1F1F2
50,Congo,COG,CG,242,Brazzaville,XAF,FC,.cg,Republique du Congo,Africa,Middle Africa,"[{zoneName:'Africa\/Brazzaville',gmtOffset:3600,gmtOffsetName:'UTC+01:00',abbreviation:'WAT',tzName:'West Africa Time'}]",-1.0,15.0,,U+1F1E8 U+1F1EC
51,Congo The Democratic Republic Of The,COD,CD,243,Kinshasa,CDF,FC,.cd,Republique democratique du Congo,Africa,Middle Africa,"[{zoneName:'Africa\/Kinshasa',gmtOffset:3600,gmtOffsetName:'UTC+01:00',abbreviation:'WAT',tzName:'West Africa Time'},{zoneName:'Africa\/Lubumbashi',gmtOffset:7200,gmtOffsetName:'UTC+02:00',abbreviation:'CAT',tzName:'Central Africa Time'}]",0.0,25.0,,U+1F1E8 U+1F1E9
52,Cook Islands,COK,CK,682,Avarua,NZD,$,.ck,Cook Islands,Oceania,Polynesia,"[{zoneName:'Pacific\/Rarotonga',gmtOffset:-36000,gmtOffsetName:'UTC-10:00',abbreviation:'CKT',tzName:'Cook Island Time'}]",-21.23333333,-159.76666666,,U+1F1E8 U+1F1F0
53,Costa Rica,CRI,CR,506,San Jose,CRC,CL,.cr,Costa Rica,Americas,Central America,"[{zoneName:'America\/Costa_Rica',gmtOffset:-21600,gmtOffsetName:'UTC-06:00',abbreviation:'CST',tzName:'Central Standard Time (North America'}]",10.0,-84.0,,U+1F1E8 U+1F1F7
54,Cote D'Ivoire (Ivory Coast),CIV,CI,225,Yamoussoukro,XOF,CFA,.ci,,Africa,Western Africa,"[{zoneName:'Africa\/Abidjan',gmtOffset:0,gmtOffsetName:'UTC\u00b100',abbreviation:'GMT',tzName:'Greenwich Mean Time'}]",8.0,-5.0,,U+1F1E8 U+1F1EE
55,Croatia (Hrvatska),HRV,HR,385,Zagreb,HRK,kn,.hr,Hrvatska,Europe,Southern Europe,"[{zoneName:'Europe\/Zagreb',gmtOffset:3600,gmtOffsetName:'UTC+01:00',abbreviation:'CET',tzName:'Central European Time'}]",45.16666666,15.5,,U+1F1ED U+1F1F7
56,Cuba,CUB,CU,53,Havana,CUP,$,.cu,Cuba,Americas,Caribbean,"[{zoneName:'America\/Havana',gmtOffset:-18000,gmtOffsetName:'UTC-05:00',abbreviation:'CST',tzName:'Cuba Standard Time'}]",21.5,-80.0,,U+1F1E8 U+1F1FA
249,Curacao,CUW,CW,599,Willemstad,ANG,f,.cw,Curacao,Americas,Caribbean,"[{zoneName:'America\/Curacao',gmtOffset:-14400,gmtOffsetName:'UTC-04:00',abbreviation:'AST',tzName:'Atlantic Standard Time'}]",12.116667,-68.933333,,U+1F1E8 U+1F1FC
57,Cyprus,CYP,CY,357,Nicosia,EUR,EUR,.cy,Kupros,Europe,Southern Europe,"[{zoneName:'Asia\/Famagusta',gmtOffset:7200,gmtOffsetName:'UTC+02:00',abbreviation:'EET',tzName:'Eastern European Time'},{zoneName:'Asia\/Nicosia',gmtOffset:7200,gmtOffsetName:'UTC+02:00',abbreviation:'EET',tzName:'Eastern European Time'}]",35.0,33.0,,U+1F1E8 U+1F1FE
58,Czech Republic,CZE,CZ,420,Prague,CZK,Kc,.cz,Ceska republika,Europe,Eastern Europe,"[{zoneName:'Europe\/Prague',gmtOffset:3600,gmtOffsetName:'UTC+01:00',abbreviation:'CET',tzName:'Central European Time'}]",49.75,15.5,,U+1F1E8 U+1F1FF
59,Denmark,DNK,DK,45,Copenhagen,DKK,Kr.,.dk,Danmark,Europe,Northern Europe,"[{zoneName:'Europe\/Copenhagen',gmtOffset:3600,gmtOffsetName:'UTC+01:00',abbreviation:'CET',tzName:'Central European Time'}]",56.0,10.0,,U+1F1E9 U+1F1F0
60,Djibouti,DJI,DJ,253,Djibouti,DJF,Fdj,.dj,Djibouti,Africa,Eastern Africa,"[{zoneName:'Africa\/Djibouti',gmtOffset:10800,gmtOffsetName:'UTC+03:00',abbreviation:'EAT',tzName:'East Africa Time'}]",11.5,43.0,,U+1F1E9 U+1F1EF
61,Dominica,DMA,DM,+1-767,Roseau,XCD,$,.dm,Dominica,Americas,Caribbean,"[{zoneName:'America\/Dominica',gmtOffset:-14400,gmtOffsetName:'UTC-04:00',abbreviation:'AST',tzName:'Atlantic Standard Time'}]",15.41666666,-61.33333333,,U+1F1E9 U+1F1F2
62,Dominican Republic,DOM,DO,+1-809 and 1-829,Santo Domingo,DOP,$,.do,Republica Dominicana,Americas,Caribbean,"[{zoneName:'America\/Santo_Domingo',gmtOffset:-14400,gmtOffsetName:'UTC-04:00',abbreviation:'AST',tzName:'Atlantic Standard Time'}]",19.0,-70.66666666,,U+1F1E9 U+1F1F4
63,East Timor,TLS,TL,670,Dili,USD,$,.tl,Timor-Leste,Asia,South-Eastern Asia,"[{zoneName:'Asia\/Dili',gmtOffset:32400,gmtOffsetName:'UTC+09:00',abbreviation:'TLT',tzName:'Timor Leste Time'}]",-8.83333333,125.91666666,,U+1F1F9 U+1F1F1
64,Ecuador,ECU,EC,593,Quito,USD,$,.ec,Ecuador,Americas,South America,"[{zoneName:'America\/Guayaquil',gmtOffset:-18000,gmtOffsetName:'UTC-05:00',abbreviation:'ECT',tzName:'Ecuador Time'},{zoneName:'Pacific\/Galapagos',gmtOffset:-21600,gmtOffsetName:'UTC-06:00',abbreviation:'GALT',tzName:'Gal\u00e1pagos Time'}]",-2.0,-77.5,,U+1F1EA U+1F1E8
65,Egypt,EGY,EG,20,Cairo,EGP,j.m,.eg,mSr,Africa,Northern Africa,"[{zoneName:'Africa\/Cairo',gmtOffset:7200,gmtOffsetName:'UTC+02:00',abbreviation:'EET',tzName:'Eastern European Time'}]",27.0,30.0,,U+1F1EA U+1F1EC
66,El Salvador,SLV,SV,503,San Salvador,USD,$,.sv,El Salvador,Americas,Central America,"[{zoneName:'America\/El_Salvador',gmtOffset:-21600,gmtOffsetName:'UTC-06:00',abbreviation:'CST',tzName:'Central Standard Time (North America'}]",13.83333333,-88.91666666,,U+1F1F8 U+1F1FB
67,Equatorial Guinea,GNQ,GQ,240,Malabo,XAF,FCFA,.gq,Guinea Ecuatorial,Africa,Middle Africa,"[{zoneName:'Africa\/Malabo',gmtOffset:3600,gmtOffsetName:'UTC+01:00',abbreviation:'WAT',tzName:'West Africa Time'}]",2.0,10.0,,U+1F1EC U+1F1F6
68,Eritrea,ERI,ER,291,Asmara,ERN,Nfk,.er,'eereteraa,Africa,Eastern Africa,"[{zoneName:'Africa\/Asmara',gmtOffset:10800,gmtOffsetName:'UTC+03:00',abbreviation:'EAT',tzName:'East Africa Time'}]",15.0,39.0,,U+1F1EA U+1F1F7
69,Estonia,EST,EE,372,Tallinn,EUR,EUR,.ee,Eesti,Europe,Northern Europe,"[{zoneName:'Europe\/Tallinn',gmtOffset:7200,gmtOffsetName:'UTC+02:00',abbreviation:'EET',tzName:'Eastern European Time'}]",59.0,26.0,,U+1F1EA U+1F1EA
70,Ethiopia,ETH,ET,251,Addis Ababa,ETB,Nkf,.et,teyopheyaa,Africa,Eastern Africa,"[{zoneName:'Africa\/Addis_Ababa',gmtOffset:10800,gmtOffsetName:'UTC+03:00',abbreviation:'EAT',tzName:'East Africa Time'}]",8.0,38.0,,U+1F1EA U+1F1F9
71,Falkland Islands,FLK,FK,500,Stanley,FKP,PS,.fk,Falkland Islands,Americas,South America,"[{zoneName:'Atlantic\/Stanley',gmtOffset:-10800,gmtOffsetName:'UTC-03:00',abbreviation:'FKST',tzName:'Falkland Islands Summer Time'}]",-51.75,-59.0,,U+1F1EB U+1F1F0
72,Faroe Islands,FRO,FO,298,Torshavn,DKK,Kr.,.fo,Foroyar,Europe,Northern Europe,"[{zoneName:'Atlantic\/Faroe',gmtOffset:0,gmtOffsetName:'UTC\u00b100',abbreviation:'WET',tzName:'Western European Time'}]",62.0,-7.0,,U+1F1EB U+1F1F4
73,Fiji Islands,FJI,FJ,679,Suva,FJD,FJ$,.fj,Fiji,Oceania,Melanesia,"[{zoneName:'Pacific\/Fiji',gmtOffset:43200,gmtOffsetName:'UTC+12:00',abbreviation:'FJT',tzName:'Fiji Time'}]",-18.0,175.0,,U+1F1EB U+1F1EF
74,Finland,FIN,FI,358,Helsinki,EUR,EUR,.fi,Suomi,Europe,Northern Europe,"[{zoneName:'Europe\/Helsinki',gmtOffset:7200,gmtOffsetName:'UTC+02:00',abbreviation:'EET',tzName:'Eastern European Time'}]",64.0,26.0,,U+1F1EB U+1F1EE
75,France,FRA,FR,33,Paris,EUR,EUR,.fr,France,Europe,Western Europe,"[{zoneName:'Europe\/Paris',gmtOffset:3600,gmtOffsetName:'UTC+01:00',abbreviation:'CET',tzName:'Central European Time'}]",46.0,2.0,,U+1F1EB U+1F1F7
76,French Guiana,GUF,GF,594,Cayenne,EUR,EUR,.gf,Guyane francaise,Americas,South America,"[{zoneName:'America\/Cayenne',gmtOffset:-10800,gmtOffsetName:'UTC-03:00',abbreviation:'GFT',tzName:'French Guiana Time'}]",4.0,-53.0,,U+1F1EC U+1F1EB
77,French Polynesia,PYF,PF,689,Papeete,XPF,FF,.pf,Polynesie francaise,Oceania,Polynesia,"[{zoneName:'Pacific\/Gambier',gmtOffset:-32400,gmtOffsetName:'UTC-09:00',abbreviation:'GAMT',tzName:'Gambier Islands Time'},{zoneName:'Pacific\/Marquesas',gmtOffset:-34200,gmtOffsetName:'UTC-09:30',abbreviation:'MART',tzName:'Marquesas Islands Time'},{zoneName:'Pacific\/Tahiti',gmtOffset:-36000,gmtOffsetName:'UTC-10:00',abbreviation:'TAHT',tzName:'Tahiti Time'}]",-15.0,-140.0,,U+1F1F5 U+1F1EB
78,French Southern Territories,ATF,TF,,Port-aux-Francais,EUR,EUR,.tf,Territoire des Terres australes et antarctiques fr,Africa,Southern Africa,"[{zoneName:'Indian\/Kerguelen',gmtOffset:18000,gmtOffsetName:'UTC+05:00',abbreviation:'TFT',tzName:'French Southern and Antarctic Time'}]",-49.25,69.167,,U+1F1F9 U+1F1EB
79,Gabon,GAB,GA,241,Libreville,XAF,FCFA,.ga,Gabon,Africa,Middle Africa,"[{zoneName:'Africa\/Libreville',gmtOffset:3600,gmtOffsetName:'UTC+01:00',abbreviation:'WAT',tzName:'West Africa Time'}]",-1.0,11.75,,U+1F1EC U+1F1E6
80,Gambia The,GMB,GM,220,Banjul,GMD,D,.gm,Gambia,Africa,Western Africa,"[{zoneName:'Africa\/Banjul',gmtOffset:0,gmtOffsetName:'UTC\u00b100',abbreviation:'GMT',tzName:'Greenwich Mean Time'}]",13.46666666,-16.56666666,,U+1F1EC U+1F1F2
81,Georgia,GEO,GE,995,Tbilisi,GEL,l,.ge,sak`art`velo,Asia,Western Asia,"[{zoneName:'Asia\/Tbilisi',gmtOffset:14400,gmtOffsetName:'UTC+04:00',abbreviation:'GET',tzName:'Georgia Standard Time'}]",42.0,43.5,,U+1F1EC U+1F1EA
82,Germany,DEU,DE,49,Berlin,EUR,EUR,.de,Deutschland,Europe,Western Europe,"[{zoneName:'Europe\/Berlin',gmtOffset:3600,gmtOffsetName:'UTC+01:00',abbreviation:'CET',tzName:'Central European Time'},{zoneName:'Europe\/Busingen',gmtOffset:3600,gmtOffsetName:'UTC+01:00',abbreviation:'CET',tzName:'Central European Time'}]",51.0,9.0,,U+1F1E9 U+1F1EA
83,Ghana,GHA,GH,233,Accra,GHS,GHC|,.gh,Ghana,Africa,Western Africa,"[{zoneName:'Africa\/Accra',gmtOffset:0,gmtOffsetName:'UTC\u00b100',abbreviation:'GMT',tzName:'Greenwich Mean Time'}]",8.0,-2.0,,U+1F1EC U+1F1ED
84,Gibraltar,GIB,GI,350,Gibraltar,GIP,PS,.gi,Gibraltar,Europe,Southern Europe,"[{zoneName:'Europe\/Gibraltar',gmtOffset:3600,gmtOffsetName:'UTC+01:00',abbreviation:'CET',tzName:'Central European Time'}]",36.13333333,-5.35,,U+1F1EC U+1F1EE
85,Greece,GRC,GR,30,Athens,EUR,EUR,.gr,Ellada,Europe,Southern Europe,"[{zoneName:'Europe\/Athens',gmtOffset:7200,gmtOffsetName:'UTC+02:00',abbreviation:'EET',tzName:'Eastern European Time'}]",39.0,22.0,,U+1F1EC U+1F1F7
86,Greenland,GRL,GL,299,Nuuk,DKK,Kr.,.gl,Kalaallit Nunaat,Americas,Northern America,"[{zoneName:'America\/Danmarkshavn',gmtOffset:0,gmtOffsetName:'UTC\u00b100',abbreviation:'GMT',tzName:'Greenwich Mean Time'},{zoneName:'America\/Nuuk',gmtOffset:-10800,gmtOffsetName:'UTC-03:00',abbreviation:'WGT',tzName:'West Greenland Time'},{zoneName:'America\/Scoresbysund',gmtOffset:-3600,gmtOffsetName:'UTC-01:00',abbreviation:'EGT',tzName:'Eastern Greenland Time'},{zoneName:'America\/Thule',gmtOffset:-14400,gmtOffsetName:'UTC-04:00',abbreviation:'AST',tzName:'Atlantic Standard Time'}]",72.0,-40.0,,U+1F1EC U+1F1F1
87,Grenada,GRD,GD,+1-473,St. George's,XCD,$,.gd,Grenada,Americas,Caribbean,"[{zoneName:'America\/Grenada',gmtOffset:-14400,gmtOffsetName:'UTC-04:00',abbreviation:'AST',tzName:'Atlantic Standard Time'}]",12.11666666,-61.66666666,,U+1F1EC U+1F1E9
88,Guadeloupe,GLP,GP,590,Basse-Terre,EUR,EUR,.gp,Guadeloupe,Americas,Caribbean,"[{zoneName:'America\/Guadeloupe',gmtOffset:-14400,gmtOffsetName:'UTC-04:00',abbreviation:'AST',tzName:'Atlantic Standard Time'}]",16.25,-61.583333,,U+1F1EC U+1F1F5
89,Guam,GUM,GU,+1-671,Hagatna,USD,$,.gu,Guam,Oceania,Micronesia,"[{zoneName:'Pacific\/Guam',gmtOffset:36000,gmtOffsetName:'UTC+10:00',abbreviation:'CHST',tzName:'Chamorro Standard Time'}]",13.46666666,144.78333333,,U+1F1EC U+1F1FA
90,Guatemala,GTM,GT,502,Guatemala City,GTQ,Q,.gt,Guatemala,Americas,Central America,"[{zoneName:'America\/Guatemala',gmtOffset:-21600,gmtOffsetName:'UTC-06:00',abbreviation:'CST',tzName:'Central Standard Time (North America'}]",15.5,-90.25,,U+1F1EC U+1F1F9
91,Guernsey and Alderney,GGY,GG,+44-1481,St Peter Port,GBP,PS,.gg,Guernsey,Europe,Northern Europe,"[{zoneName:'Europe\/Guernsey',gmtOffset:0,gmtOffsetName:'UTC\u00b100',abbreviation:'GMT',tzName:'Greenwich Mean Time'}]",49.46666666,-2.58333333,,U+1F1EC U+1F1EC
92,Guinea,GIN,GN,224,Conakry,GNF,FG,.gn,Guinee,Africa,Western Africa,"[{zoneName:'Africa\/Conakry',gmtOffset:0,gmtOffsetName:'UTC\u00b100',abbreviation:'GMT',tzName:'Greenwich Mean Time'}]",11.0,-10.0,,U+1F1EC U+1F1F3
93,Guinea-Bissau,GNB,GW,245,Bissau,XOF,CFA,.gw,Guine-Bissau,Africa,Western Africa,"[{zoneName:'Africa\/Bissau',gmtOffset:0,gmtOffsetName:'UTC\u00b100',abbreviation:'GMT',tzName:'Greenwich Mean Time'}]",12.0,-15.0,,U+1F1EC U+1F1FC
94,Guyana,GUY,GY,592,Georgetown,GYD,$,.gy,Guyana,Americas,South America,"[{zoneName:'America\/Guyana',gmtOffset:-14400,gmtOffsetName:'UTC-04:00',abbreviation:'GYT',tzName:'Guyana Time'}]",5.0,-59.0,,U+1F1EC U+1F1FE
95,Haiti,HTI,HT,509,Port-au-Prince,HTG,G,.ht,Haiti,Americas,Caribbean,"[{zoneName:'America\/Port-au-Prince',gmtOffset:-18000,gmtOffsetName:'UTC-05:00',abbreviation:'EST',tzName:'Eastern Standard Time (North America'}]",19.0,-72.41666666,,U+1F1ED U+1F1F9
96,Heard Island and McDonald Islands,HMD,HM,,,AUD,$,.hm,Heard Island and McDonald Islands,,,"[{zoneName:'Indian\/Kerguelen',gmtOffset:18000,gmtOffsetName:'UTC+05:00',abbreviation:'TFT',tzName:'French Southern and Antarctic Time'}]",-53.1,72.51666666,,U+1F1ED U+1F1F2
97,Honduras,HND,HN,504,Tegucigalpa,HNL,L,.hn,Honduras,Americas,Central America,"[{zoneName:'America\/Tegucigalpa',gmtOffset:-21600,gmtOffsetName:'UTC-06:00',abbreviation:'CST',tzName:'Central Standard Time (North America'}]",15.0,-86.5,,U+1F1ED U+1F1F3
98,Hong Kong S.A.R.,HKG,HK,852,Hong Kong,HKD,$,.hk,Xiang Gang ,Asia,Eastern Asia,"[{zoneName:'Asia\/Hong_Kong',gmtOffset:28800,gmtOffsetName:'UTC+08:00',abbreviation:'HKT',tzName:'Hong Kong Time'}]",22.25,114.16666666,,U+1F1ED U+1F1F0
99,Hungary,HUN,HU,36,Budapest,HUF,Ft,.hu,Magyarorszag,Europe,Eastern Europe,"[{zoneName:'Europe\/Budapest',gmtOffset:3600,gmtOffsetName:'UTC+01:00',abbreviation:'CET',tzName:'Central European Time'}]",47.0,20.0,,U+1F1ED U+1F1FA
100,Iceland,ISL,IS,354,Reykjavik,ISK,kr,.is,Island,Europe,Northern Europe,"[{zoneName:'Atlantic\/Reykjavik',gmtOffset:0,gmtOffsetName:'UTC\u00b100',abbreviation:'GMT',tzName:'Greenwich Mean Time'}]",65.0,-18.0,,U+1F1EE U+1F1F8
101,India,IND,IN,91,New Delhi,INR,Rs,.in,bhaart,Asia,Southern Asia,"[{zoneName:'Asia\/Kolkata',gmtOffset:19800,gmtOffsetName:'UTC+05:30',abbreviation:'IST',tzName:'Indian Standard Time'}]",20.0,77.0,,U+1F1EE U+1F1F3
102,Indonesia,IDN,ID,62,Jakarta,IDR,Rp,.id,Indonesia,Asia,South-Eastern Asia,"[{zoneName:'Asia\/Jakarta',gmtOffset:25200,gmtOffsetName:'UTC+07:00',abbreviation:'WIB',tzName:'Western Indonesian Time'},{zoneName:'Asia\/Jayapura',gmtOffset:32400,gmtOffsetName:'UTC+09:00',abbreviation:'WIT',tzName:'Eastern Indonesian Time'},{zoneName:'Asia\/Makassar',gmtOffset:28800,gmtOffsetName:'UTC+08:00',abbreviation:'WITA',tzName:'Central Indonesia Time'},{zoneName:'Asia\/Pontianak',gmtOffset:25200,gmtOffsetName:'UTC+07:00',abbreviation:'WIB',tzName:'Western Indonesian Time'}]",-5.0,120.0,,U+1F1EE U+1F1E9
103,Iran,IRN,IR,98,Tehran,IRR,,.ir,yrn,Asia,Southern Asia,"[{zoneName:'Asia\/Tehran',gmtOffset:12600,gmtOffsetName:'UTC+03:30',abbreviation:'IRDT',tzName:'Iran Daylight Time'}]",32.0,53.0,,U+1F1EE U+1F1F7
104,Iraq,IRQ,IQ,964,Baghdad,IQD,d.`,.iq,l`rq,Asia,Western Asia,"[{zoneName:'Asia\/Baghdad',gmtOffset:10800,gmtOffsetName:'UTC+03:00',abbreviation:'AST',tzName:'Arabia Standard Time'}]",33.0,44.0,,U+1F1EE U+1F1F6
105,Ireland,IRL,IE,353,Dublin,EUR,EUR,.ie,Eire,Europe,Northern Europe,"[{zoneName:'Europe\/Dublin',gmtOffset:0,gmtOffsetName:'UTC\u00b100',abbreviation:'GMT',tzName:'Greenwich Mean Time'}]",53.0,-8.0,,U+1F1EE U+1F1EA
106,Israel,ISR,IL,972,Jerusalem,ILS,NS,.il,yiSH@raAel,Asia,Western Asia,"[{zoneName:'Asia\/Jerusalem',gmtOffset:7200,gmtOffsetName:'UTC+02:00',abbreviation:'IST',tzName:'Israel Standard Time'}]",31.5,34.75,,U+1F1EE U+1F1F1
107,Italy,ITA,IT,39,Rome,EUR,EUR,.it,Italia,Europe,Southern Europe,"[{zoneName:'Europe\/Rome',gmtOffset:3600,gmtOffsetName:'UTC+01:00',abbreviation:'CET',tzName:'Central European Time'}]",42.83333333,12.83333333,,U+1F1EE U+1F1F9
108,Jamaica,JAM,JM,+1-876,Kingston,JMD,J$,.jm,Jamaica,Americas,Caribbean,"[{zoneName:'America\/Jamaica',gmtOffset:-18000,gmtOffsetName:'UTC-05:00',abbreviation:'EST',tzName:'Eastern Standard Time (North America'}]",18.25,-77.5,,U+1F1EF U+1F1F2
109,Japan,JPN,JP,81,Tokyo,JPY,Y=,.jp,Ri Ben ,Asia,Eastern Asia,"[{zoneName:'Asia\/Tokyo',gmtOffset:32400,gmtOffsetName:'UTC+09:00',abbreviation:'JST',tzName:'Japan Standard Time'}]",36.0,138.0,,U+1F1EF U+1F1F5
110,Jersey,JEY,JE,+44-1534,Saint Helier,GBP,PS,.je,Jersey,Europe,Northern Europe,"[{zoneName:'Europe\/Jersey',gmtOffset:0,gmtOffsetName:'UTC\u00b100',abbreviation:'GMT',tzName:'Greenwich Mean Time'}]",49.25,-2.16666666,,U+1F1EF U+1F1EA
111,Jordan,JOR,JO,962,Amman,JOD,.d,.jo,l'rdn,Asia,Western Asia,"[{zoneName:'Asia\/Amman',gmtOffset:7200,gmtOffsetName:'UTC+02:00',abbreviation:'EET',tzName:'Eastern European Time'}]",31.0,36.0,,U+1F1EF U+1F1F4
112,Kazakhstan,KAZ,KZ,7,Astana,KZT,lv,.kz,K'azak'stan,Asia,Central Asia,"[{zoneName:'Asia\/Almaty',gmtOffset:21600,gmtOffsetName:'UTC+06:00',abbreviation:'ALMT',tzName:'Alma-Ata Time[1'},{zoneName:'Asia\/Aqtau',gmtOffset:18000,gmtOffsetName:'UTC+05:00',abbreviation:'AQTT',tzName:'Aqtobe Time'},{zoneName:'Asia\/Aqtobe',gmtOffset:18000,gmtOffsetName:'UTC+05:00',abbreviation:'AQTT',tzName:'Aqtobe Time'},{zoneName:'Asia\/Atyrau',gmtOffset:18000,gmtOffsetName:'UTC+05:00',abbreviation:'MSD+1',tzName:'Moscow Daylight Time+1'},{zoneName:'Asia\/Oral',gmtOffset:18000,gmtOffsetName:'UTC+05:00',abbreviation:'ORAT',tzName:'Oral Time'},{zoneName:'Asia\/Qostanay',gmtOffset:21600,gmtOffsetName:'UTC+06:00',abbreviation:'QYZST',tzName:'Qyzylorda Summer Time'},{zoneName:'Asia\/Qyzylorda',gmtOffset:18000,gmtOffsetName:'UTC+05:00',abbreviation:'QYZT',tzName:'Qyzylorda Summer Time'}]",48.0,68.0,,U+1F1F0 U+1F1FF
113,Kenya,KEN,KE,254,Nairobi,KES,KSh,.ke,Kenya,Africa,Eastern Africa,"[{zoneName:'Africa\/Nairobi',gmtOffset:10800,gmtOffsetName:'UTC+03:00',abbreviation:'EAT',tzName:'East Africa Time'}]",1.0,38.0,,U+1F1F0 U+1F1EA
114,Kiribati,KIR,KI,686,Tarawa,AUD,$,.ki,Kiribati,Oceania,Micronesia,"[{zoneName:'Pacific\/Enderbury',gmtOffset:46800,gmtOffsetName:'UTC+13:00',abbreviation:'PHOT',tzName:'Phoenix Island Time'},{zoneName:'Pacific\/Kiritimati',gmtOffset:50400,gmtOffsetName:'UTC+14:00',abbreviation:'LINT',tzName:'Line Islands Time'},{zoneName:'Pacific\/Tarawa',gmtOffset:43200,gmtOffsetName:'UTC+12:00',abbreviation:'GILT',tzName:'Gilbert Island Time'}]",1.41666666,173.0,,U+1F1F0 U+1F1EE
115,Korea North,PRK,KP,850,Pyongyang,KPW,W,.kp,bughan,Asia,Eastern Asia,"[{zoneName:'Asia\/Pyongyang',gmtOffset:32400,gmtOffsetName:'UTC+09:00',abbreviation:'KST',tzName:'Korea Standard Time'}]",40.0,127.0,,U+1F1F0 U+1F1F5
116,Korea South,KOR,KR,82,Seoul,KRW,W,.kr,daehanmingug,Asia,Eastern Asia,"[{zoneName:'Asia\/Seoul',gmtOffset:32400,gmtOffsetName:'UTC+09:00',abbreviation:'KST',tzName:'Korea Standard Time'}]",37.0,127.5,,U+1F1F0 U+1F1F7
248,Kosovo,XKX,XK,383,Pristina,EUR,EUR,.xk,Republika e Kosoves,Europe,Eastern Europe,"[{zoneName:'Europe\/Belgrade',gmtOffset:3600,gmtOffsetName:'UTC+01:00',abbreviation:'CET',tzName:'Central European Time'}]",42.5612909,20.3403035,,U+1F1FD U+1F1F0
117,Kuwait,KWT,KW,965,Kuwait City,KWD,k.d,.kw,lkwyt,Asia,Western Asia,"[{zoneName:'Asia\/Kuwait',gmtOffset:10800,gmtOffsetName:'UTC+03:00',abbreviation:'AST',tzName:'Arabia Standard Time'}]",29.5,45.75,,U+1F1F0 U+1F1FC
118,Kyrgyzstan,KGZ,KG,996,Bishkek,KGS,lv,.kg,Kyrgyzstan,Asia,Central Asia,"[{zoneName:'Asia\/Bishkek',gmtOffset:21600,gmtOffsetName:'UTC+06:00',abbreviation:'KGT',tzName:'Kyrgyzstan Time'}]",41.0,75.0,,U+1F1F0 U+1F1EC
119,Laos,LAO,LA,856,Vientiane,LAK,K,.la,spplaaw,Asia,South-Eastern Asia,"[{zoneName:'Asia\/Vientiane',gmtOffset:25200,gmtOffsetName:'UTC+07:00',abbreviation:'ICT',tzName:'Indochina Time'}]",18.0,105.0,,U+1F1F1 U+1F1E6
120,Latvia,LVA,LV,371,Riga,EUR,EUR,.lv,Latvija,Europe,Northern Europe,"[{zoneName:'Europe\/Riga',gmtOffset:7200,gmtOffsetName:'UTC+02:00',abbreviation:'EET',tzName:'Eastern European Time'}]",57.0,25.0,,U+1F1F1 U+1F1FB
121,Lebanon,LBN,LB,961,Beirut,LBP,PS,.lb,lbnn,Asia,Western Asia,"[{zoneName:'Asia\/Beirut',gmtOffset:7200,gmtOffsetName:'UTC+02:00',abbreviation:'EET',tzName:'Eastern European Time'}]",33.83333333,35.83333333,,U+1F1F1 U+1F1E7
122,Lesotho,LSO,LS,266,Maseru,LSL,L,.ls,Lesotho,Africa,Southern Africa,"[{zoneName:'Africa\/Maseru',gmtOffset:7200,gmtOffsetName:'UTC+02:00',abbreviation:'SAST',tzName:'South African Standard Time'}]",-29.5,28.5,,U+1F1F1 U+1F1F8
123,Liberia,LBR,LR,231,Monrovia,LRD,$,.lr,Liberia,Africa,Western Africa,"[{zoneName:'Africa\/Monrovia',gmtOffset:0,gmtOffsetName:'UTC\u00b100',abbreviation:'GMT',tzName:'Greenwich Mean Time'}]",6.5,-9.5,,U+1F1F1 U+1F1F7
124,Libya,LBY,LY,218,Tripolis,LYD,d.l,.ly,lyby,Africa,Northern Africa,"[{zoneName:'Africa\/Tripoli',gmtOffset:7200,gmtOffsetName:'UTC+02:00',abbreviation:'EET',tzName:'Eastern European Time'}]",25.0,17.0,,U+1F1F1 U+1F1FE
125,Liechtenstein,LIE,LI,423,Vaduz,CHF,CHf,.li,Liechtenstein,Europe,Western Europe,"[{zoneName:'Europe\/Vaduz',gmtOffset:3600,gmtOffsetName:'UTC+01:00',abbreviation:'CET',tzName:'Central European Time'}]",47.26666666,9.53333333,,U+1F1F1 U+1F1EE
126,Lithuania,LTU,LT,370,Vilnius,EUR,EUR,.lt,Lietuva,Europe,Northern Europe,"[{zoneName:'Europe\/Vilnius',gmtOffset:7200,gmtOffsetName:'UTC+02:00',abbreviation:'EET',tzName:'Eastern European Time'}]",56.0,24.0,,U+1F1F1 U+1F1F9
127,Luxembourg,LUX,LU,352,Luxembourg,EUR,EUR,.lu,Luxembourg,Europe,Western Europe,"[{zoneName:'Europe\/Luxembourg',gmtOffset:3600,gmtOffsetName:'UTC+01:00',abbreviation:'CET',tzName:'Central European Time'}]",49.75,6.16666666,,U+1F1F1 U+1F1FA
128,Macau S.A.R.,MAC,MO,853,Macao,MOP,$,.mo,Ao Men ,Asia,Eastern Asia,"[{zoneName:'Asia\/Macau',gmtOffset:28800,gmtOffsetName:'UTC+08:00',abbreviation:'CST',tzName:'China Standard Time'}]",22.16666666,113.55,,U+1F1F2 U+1F1F4
129,Macedonia,MKD,MK,389,Skopje,MKD,den,.mk,Severna Makedonija,Europe,Southern Europe,"[{zoneName:'Europe\/Skopje',gmtOffset:3600,gmtOffsetName:'UTC+01:00',abbreviation:'CET',tzName:'Central European Time'}]",41.83333333,22.0,,U+1F1F2 U+1F1F0
130,Madagascar,MDG,MG,261,Antananarivo,MGA,Ar,.mg,Madagasikara,Africa,Eastern Africa,"[{zoneName:'Indian\/Antananarivo',gmtOffset:10800,gmtOffsetName:'UTC+03:00',abbreviation:'EAT',tzName:'East Africa Time'}]",-20.0,47.0,,U+1F1F2 U+1F1EC
131,Malawi,MWI,MW,265,Lilongwe,MWK,MK,.mw,Malawi,Africa,Eastern Africa,"[{zoneName:'Africa\/Blantyre',gmtOffset:7200,gmtOffsetName:'UTC+02:00',abbreviation:'CAT',tzName:'Central Africa Time'}]",-13.5,34.0,,U+1F1F2 U+1F1FC
132,Malaysia,MYS,MY,60,Kuala Lumpur,MYR,RM,.my,Malaysia,Asia,South-Eastern Asia,"[{zoneName:'Asia\/Kuala_Lumpur',gmtOffset:28800,gmtOffsetName:'UTC+08:00',abbreviation:'MYT',tzName:'Malaysia Time'},{zoneName:'Asia\/Kuching',gmtOffset:28800,gmtOffsetName:'UTC+08:00',abbreviation:'MYT',tzName:'Malaysia Time'}]",2.5,112.5,,U+1F1F2 U+1F1FE
133,Maldives,MDV,MV,960,Male,MVR,Rf,.mv,Maldives,Asia,Southern Asia,"[{zoneName:'Indian\/Maldives',gmtOffset:18000,gmtOffsetName:'UTC+05:00',abbreviation:'MVT',tzName:'Maldives Time'}]",3.25,73.0,,U+1F1F2 U+1F1FB
134,Mali,MLI,ML,223,Bamako,XOF,CFA,.ml,Mali,Africa,Western Africa,"[{zoneName:'Africa\/Bamako',gmtOffset:0,gmtOffsetName:'UTC\u00b100',abbreviation:'GMT',tzName:'Greenwich Mean Time'}]",17.0,-4.0,,U+1F1F2 U+1F1F1
135,Malta,MLT,MT,356,Valletta,EUR,EUR,.mt,Malta,Europe,Southern Europe,"[{zoneName:'Europe\/Malta',gmtOffset:3600,gmtOffsetName:'UTC+01:00',abbreviation:'CET',tzName:'Central European Time'}]",35.83333333,14.58333333,,U+1F1F2 U+1F1F9
136,Man (Isle of),IMN,IM,+44-1624,"Douglas, Isle of Man",GBP,PS,.im,Isle of Man,Europe,Northern Europe,"[{zoneName:'Europe\/Isle_of_Man',gmtOffset:0,gmtOffsetName:'UTC\u00b100',abbreviation:'GMT',tzName:'Greenwich Mean Time'}]",54.25,-4.5,,U+1F1EE U+1F1F2
137,Marshall Islands,MHL,MH,692,Majuro,USD,$,.mh,Majel,Oceania,Micronesia,"[{zoneName:'Pacific\/Kwajalein',gmtOffset:43200,gmtOffsetName:'UTC+12:00',abbreviation:'MHT',tzName:'Marshall Islands Time'},{zoneName:'Pacific\/Majuro',gmtOffset:43200,gmtOffsetName:'UTC+12:00',abbreviation:'MHT',tzName:'Marshall Islands Time'}]",9.0,168.0,,U+1F1F2 U+1F1ED
138,Martinique,MTQ,MQ,596,Fort-de-France,EUR,EUR,.mq,Martinique,Americas,Caribbean,"[{zoneName:'America\/Martinique',gmtOffset:-14400,gmtOffsetName:'UTC-04:00',abbreviation:'AST',tzName:'Atlantic Standard Time'}]",14.666667,-61.0,,U+1F1F2 U+1F1F6
139,Mauritania,MRT,MR,222,Nouakchott,MRO,MRU,.mr,mwrytny,Africa,Western Africa,"[{zoneName:'Africa\/Nouakchott',gmtOffset:0,gmtOffsetName:'UTC\u00b100',abbreviation:'GMT',tzName:'Greenwich Mean Time'}]",20.0,-12.0,,U+1F1F2 U+1F1F7
140,Mauritius,MUS,MU,230,Port Louis,MUR,Rs,.mu,Maurice,Africa,Eastern Africa,"[{zoneName:'Indian\/Mauritius',gmtOffset:14400,gmtOffsetName:'UTC+04:00',abbreviation:'MUT',tzName:'Mauritius Time'}]",-20.28333333,57.55,,U+1F1F2 U+1F1FA
141,Mayotte,MYT,YT,262,Mamoudzou,EUR,EUR,.yt,Mayotte,Africa,Eastern Africa,"[{zoneName:'Indian\/Mayotte',gmtOffset:10800,gmtOffsetName:'UTC+03:00',abbreviation:'EAT',tzName:'East Africa Time'}]",-12.83333333,45.16666666,,U+1F1FE U+1F1F9
142,Mexico,MEX,MX,52,Mexico City,MXN,$,.mx,Mexico,Americas,Central America,"[{zoneName:'America\/Bahia_Banderas',gmtOffset:-21600,gmtOffsetName:'UTC-06:00',abbreviation:'CST',tzName:'Central Standard Time (North America'},{zoneName:'America\/Cancun',gmtOffset:-18000,gmtOffsetName:'UTC-05:00',abbreviation:'EST',tzName:'Eastern Standard Time (North America'},{zoneName:'America\/Chihuahua',gmtOffset:-25200,gmtOffsetName:'UTC-07:00',abbreviation:'MST',tzName:'Mountain Standard Time (North America'},{zoneName:'America\/Hermosillo',gmtOffset:-25200,gmtOffsetName:'UTC-07:00',abbreviation:'MST',tzName:'Mountain Standard Time (North America'},{zoneName:'America\/Matamoros',gmtOffset:-21600,gmtOffsetName:'UTC-06:00',abbreviation:'CST',tzName:'Central Standard Time (North America'},{zoneName:'America\/Mazatlan',gmtOffset:-25200,gmtOffsetName:'UTC-07:00',abbreviation:'MST',tzName:'Mountain Standard Time (North America'},{zoneName:'America\/Merida',gmtOffset:-21600,gmtOffsetName:'UTC-06:00',abbreviation:'CST',tzName:'Central Standard Time (North America'},{zoneName:'America\/Mexico_City',gmtOffset:-21600,gmtOffsetName:'UTC-06:00',abbreviation:'CST',tzName:'Central Standard Time (North America'},{zoneName:'America\/Monterrey',gmtOffset:-21600,gmtOffsetName:'UTC-06:00',abbreviation:'CST',tzName:'Central Standard Time (North America'},{zoneName:'America\/Ojinaga',gmtOffset:-25200,gmtOffsetName:'UTC-07:00',abbreviation:'MST',tzName:'Mountain Standard Time (North America'},{zoneName:'America\/Tijuana',gmtOffset:-28800,gmtOffsetName:'UTC-08:00',abbreviation:'PST',tzName:'Pacific Standard Time (North America'}]",23.0,-102.0,,U+1F1F2 U+1F1FD
143,Micronesia,FSM,FM,691,Palikir,USD,$,.fm,Micronesia,Oceania,Micronesia,"[{zoneName:'Pacific\/Chuuk',gmtOffset:36000,gmtOffsetName:'UTC+10:00',abbreviation:'CHUT',tzName:'Chuuk Time'},{zoneName:'Pacific\/Kosrae',gmtOffset:39600,gmtOffsetName:'UTC+11:00',abbreviation:'KOST',tzName:'Kosrae Time'},{zoneName:'Pacific\/Pohnpei',gmtOffset:39600,gmtOffsetName:'UTC+11:00',abbreviation:'PONT',tzName:'Pohnpei Standard Time'}]",6.91666666,158.25,,U+1F1EB U+1F1F2
144,Moldova,MDA,MD,373,Chisinau,MDL,L,.md,Moldova,Europe,Eastern Europe,"[{zoneName:'Europe\/Chisinau',gmtOffset:7200,gmtOffsetName:'UTC+02:00',abbreviation:'EET',tzName:'Eastern European Time'}]",47.0,29.0,,U+1F1F2 U+1F1E9
145,Monaco,MCO,MC,377,Monaco,EUR,EUR,.mc,Monaco,Europe,Western Europe,"[{zoneName:'Europe\/Monaco',gmtOffset:3600,gmtOffsetName:'UTC+01:00',abbreviation:'CET',tzName:'Central European Time'}]",43.73333333,7.4,,U+1F1F2 U+1F1E8
146,Mongolia,MNG,MN,976,Ulan Bator,MNT,T,.mn,Mongol uls,Asia,Eastern Asia,"[{zoneName:'Asia\/Choibalsan',gmtOffset:28800,gmtOffsetName:'UTC+08:00',abbreviation:'CHOT',tzName:'Choibalsan Standard Time'},{zoneName:'Asia\/Hovd',gmtOffset:25200,gmtOffsetName:'UTC+07:00',abbreviation:'HOVT',tzName:'Hovd Time'},{zoneName:'Asia\/Ulaanbaatar',gmtOffset:28800,gmtOffsetName:'UTC+08:00',abbreviation:'ULAT',tzName:'Ulaanbaatar Standard Time'}]",46.0,105.0,,U+1F1F2 U+1F1F3
147,Montenegro,MNE,ME,382,Podgorica,EUR,EUR,.me,Tsrna Gora,Europe,Southern Europe,"[{zoneName:'Europe\/Podgorica',gmtOffset:3600,gmtOffsetName:'UTC+01:00',abbreviation:'CET',tzName:'Central European Time'}]",42.5,19.3,,U+1F1F2 U+1F1EA
148,Montserrat,MSR,MS,+1-664,Plymouth,XCD,$,.ms,Montserrat,Americas,Caribbean,"[{zoneName:'America\/Montserrat',gmtOffset:-14400,gmtOffsetName:'UTC-04:00',abbreviation:'AST',tzName:'Atlantic Standard Time'}]",16.75,-62.2,,U+1F1F2 U+1F1F8
149,Morocco,MAR,MA,212,Rabat,MAD,DH,.ma,lmGrb,Africa,Northern Africa,"[{zoneName:'Africa\/Casablanca',gmtOffset:3600,gmtOffsetName:'UTC+01:00',abbreviation:'WEST',tzName:'Western European Summer Time'}]",32.0,-5.0,,U+1F1F2 U+1F1E6
150,Mozambique,MOZ,MZ,258,Maputo,MZN,MT,.mz,Mocambique,Africa,Eastern Africa,"[{zoneName:'Africa\/Maputo',gmtOffset:7200,gmtOffsetName:'UTC+02:00',abbreviation:'CAT',tzName:'Central Africa Time'}]",-18.25,35.0,,U+1F1F2 U+1F1FF
151,Myanmar,MMR,MM,95,Nay Pyi Taw,MMK,K,.mm,mnmaa,Asia,South-Eastern Asia,"[{zoneName:'Asia\/Yangon',gmtOffset:23400,gmtOffsetName:'UTC+06:30',abbreviation:'MMT',tzName:'Myanmar Standard Time'}]",22.0,98.0,,U+1F1F2 U+1F1F2
152,Namibia,NAM,,264,Windhoek,NAD,$,.na,Namibia,Africa,Southern Africa,"[{zoneName:'Africa\/Windhoek',gmtOffset:7200,gmtOffsetName:'UTC+02:00',abbreviation:'WAST',tzName:'West Africa Summer Time'}]",-22.0,17.0,,U+1F1F3 U+1F1E6
153,Nauru,NRU,NR,674,Yaren,AUD,$,.nr,Nauru,Oceania,Micronesia,"[{zoneName:'Pacific\/Nauru',gmtOffset:43200,gmtOffsetName:'UTC+12:00',abbreviation:'NRT',tzName:'Nauru Time'}]",-0.53333333,166.91666666,,U+1F1F3 U+1F1F7
154,Nepal,NPL,NP,977,Kathmandu,NPR,Rs,.np,npl,Asia,Southern Asia,"[{zoneName:'Asia\/Kathmandu',gmtOffset:20700,gmtOffsetName:'UTC+05:45',abbreviation:'NPT',tzName:'Nepal Time'}]",28.0,84.0,,U+1F1F3 U+1F1F5
156,Netherlands The,NLD,NL,31,Amsterdam,EUR,EUR,.nl,Nederland,Europe,Western Europe,"[{zoneName:'Europe\/Amsterdam',gmtOffset:3600,gmtOffsetName:'UTC+01:00',abbreviation:'CET',tzName:'Central European Time'}]",52.5,5.75,,U+1F1F3 U+1F1F1
157,New Caledonia,NCL,NC,687,Noumea,XPF,FF,.nc,Nouvelle-Caledonie,Oceania,Melanesia,"[{zoneName:'Pacific\/Noumea',gmtOffset:39600,gmtOffsetName:'UTC+11:00',abbreviation:'NCT',tzName:'New Caledonia Time'}]",-21.5,165.5,,U+1F1F3 U+1F1E8
158,New Zealand,NZL,NZ,64,Wellington,NZD,$,.nz,New Zealand,Oceania,Australia and New Zealand,"[{zoneName:'Pacific\/Auckland',gmtOffset:46800,gmtOffsetName:'UTC+13:00',abbreviation:'NZDT',tzName:'New Zealand Daylight Time'},{zoneName:'Pacific\/Chatham',gmtOffset:49500,gmtOffsetName:'UTC+13:45',abbreviation:'CHAST',tzName:'Chatham Standard Time'}]",-41.0,174.0,,U+1F1F3 U+1F1FF
159,Nicaragua,NIC,NI,505,Managua,NIO,C$,.ni,Nicaragua,Americas,Central America,"[{zoneName:'America\/Managua',gmtOffset:-21600,gmtOffsetName:'UTC-06:00',abbreviation:'CST',tzName:'Central Standard Time (North America'}]",13.0,-85.0,,U+1F1F3 U+1F1EE
160,Niger,NER,NE,227,Niamey,XOF,CFA,.ne,Niger,Africa,Western Africa,"[{zoneName:'Africa\/Niamey',gmtOffset:3600,gmtOffsetName:'UTC+01:00',abbreviation:'WAT',tzName:'West Africa Time'}]",16.0,8.0,,U+1F1F3 U+1F1EA
161,Nigeria,NGA,NG,234,Abuja,NGN,N,.ng,Nigeria,Africa,Western Africa,"[{zoneName:'Africa\/Lagos',gmtOffset:3600,gmtOffsetName:'UTC+01:00',abbreviation:'WAT',tzName:'West Africa Time'}]",10.0,8.0,,U+1F1F3 U+1F1EC
162,Niue,NIU,NU,683,Alofi,NZD,$,.nu,Niue,Oceania,Polynesia,"[{zoneName:'Pacific\/Niue',gmtOffset:-39600,gmtOffsetName:'UTC-11:00',abbreviation:'NUT',tzName:'Niue Time'}]",-19.03333333,-169.86666666,,U+1F1F3 U+1F1FA
163,Norfolk Island,NFK,NF,672,Kingston,AUD,$,.nf,Norfolk Island,Oceania,Australia and New Zealand,"[{zoneName:'Pacific\/Norfolk',gmtOffset:43200,gmtOffsetName:'UTC+12:00',abbreviation:'NFT',tzName:'Norfolk Time'}]",-29.03333333,167.95,,U+1F1F3 U+1F1EB
164,Northern Mariana Islands,MNP,MP,+1-670,Saipan,USD,$,.mp,Northern Mariana Islands,Oceania,Micronesia,"[{zoneName:'Pacific\/Saipan',gmtOffset:36000,gmtOffsetName:'UTC+10:00',abbreviation:'ChST',tzName:'Chamorro Standard Time'}]",15.2,145.75,,U+1F1F2 U+1F1F5
165,Norway,NOR,NO,47,Oslo,NOK,kr,.no,Norge,Europe,Northern Europe,"[{zoneName:'Europe\/Oslo',gmtOffset:3600,gmtOffsetName:'UTC+01:00',abbreviation:'CET',tzName:'Central European Time'}]",62.0,10.0,,U+1F1F3 U+1F1F4
166,Oman,OMN,OM,968,Muscat,OMR,.`.r,.om,`mn,Asia,Western Asia,"[{zoneName:'Asia\/Muscat',gmtOffset:14400,gmtOffsetName:'UTC+04:00',abbreviation:'GST',tzName:'Gulf Standard Time'}]",21.0,57.0,,U+1F1F4 U+1F1F2
167,Pakistan,PAK,PK,92,Islamabad,PKR,Rs,.pk,Pakistan,Asia,Southern Asia,"[{zoneName:'Asia\/Karachi',gmtOffset:18000,gmtOffsetName:'UTC+05:00',abbreviation:'PKT',tzName:'Pakistan Standard Time'}]",30.0,70.0,,U+1F1F5 U+1F1F0
168,Palau,PLW,PW,680,Melekeok,USD,$,.pw,Palau,Oceania,Micronesia,"[{zoneName:'Pacific\/Palau',gmtOffset:32400,gmtOffsetName:'UTC+09:00',abbreviation:'PWT',tzName:'Palau Time'}]",7.5,134.5,,U+1F1F5 U+1F1FC
169,Palestinian Territory Occupied,PSE,PS,970,East Jerusalem,ILS,NS,.ps,flsTyn,Asia,Western Asia,"[{zoneName:'Asia\/Gaza',gmtOffset:7200,gmtOffsetName:'UTC+02:00',abbreviation:'EET',tzName:'Eastern European Time'},{zoneName:'Asia\/Hebron',gmtOffset:7200,gmtOffsetName:'UTC+02:00',abbreviation:'EET',tzName:'Eastern European Time'}]",31.9,35.2,,U+1F1F5 U+1F1F8
170,Panama,PAN,PA,507,Panama City,PAB,B/.,.pa,Panama,Americas,Central America,"[{zoneName:'America\/Panama',gmtOffset:-18000,gmtOffsetName:'UTC-05:00',abbreviation:'EST',tzName:'Eastern Standard Time (North America'}]",9.0,-80.0,,U+1F1F5 U+1F1E6
171,Papua new Guinea,PNG,PG,675,Port Moresby,PGK,K,.pg,Papua Niugini,Oceania,Melanesia,"[{zoneName:'Pacific\/Bougainville',gmtOffset:39600,gmtOffsetName:'UTC+11:00',abbreviation:'BST',tzName:'Bougainville Standard Time[6'},{zoneName:'Pacific\/Port_Moresby',gmtOffset:36000,gmtOffsetName:'UTC+10:00',abbreviation:'PGT',tzName:'Papua New Guinea Time'}]",-6.0,147.0,,U+1F1F5 U+1F1EC
172,Paraguay,PRY,PY,595,Asuncion,PYG,G,.py,Paraguay,Americas,South America,"[{zoneName:'America\/Asuncion',gmtOffset:-10800,gmtOffsetName:'UTC-03:00',abbreviation:'PYST',tzName:'Paraguay Summer Time'}]",-23.0,-58.0,,U+1F1F5 U+1F1FE
173,Peru,PER,PE,51,Lima,PEN,S/.,.pe,Peru,Americas,South America,"[{zoneName:'America\/Lima',gmtOffset:-18000,gmtOffsetName:'UTC-05:00',abbreviation:'PET',tzName:'Peru Time'}]",-10.0,-76.0,,U+1F1F5 U+1F1EA
174,Philippines,PHL,PH,63,Manila,PHP,P,.ph,Pilipinas,Asia,South-Eastern Asia,"[{zoneName:'Asia\/Manila',gmtOffset:28800,gmtOffsetName:'UTC+08:00',abbreviation:'PHT',tzName:'Philippine Time'}]",13.0,122.0,,U+1F1F5 U+1F1ED
175,Pitcairn Island,PCN,PN,870,Adamstown,NZD,$,.pn,Pitcairn Islands,Oceania,Polynesia,"[{zoneName:'Pacific\/Pitcairn',gmtOffset:-28800,gmtOffsetName:'UTC-08:00',abbreviation:'PST',tzName:'Pacific Standard Time (North America'}]",-25.06666666,-130.1,,U+1F1F5 U+1F1F3
176,Poland,POL,PL,48,Warsaw,PLN,zl,.pl,Polska,Europe,Eastern Europe,"[{zoneName:'Europe\/Warsaw',gmtOffset:3600,gmtOffsetName:'UTC+01:00',abbreviation:'CET',tzName:'Central European Time'}]",52.0,20.0,,U+1F1F5 U+1F1F1
177,Portugal,PRT,PT,351,Lisbon,EUR,EUR,.pt,Portugal,Europe,Southern Europe,"[{zoneName:'Atlantic\/Azores',gmtOffset:-3600,gmtOffsetName:'UTC-01:00',abbreviation:'AZOT',tzName:'Azores Standard Time'},{zoneName:'Atlantic\/Madeira',gmtOffset:0,gmtOffsetName:'UTC\u00b100',abbreviation:'WET',tzName:'Western European Time'},{zoneName:'Europe\/Lisbon',gmtOffset:0,gmtOffsetName:'UTC\u00b100',abbreviation:'WET',tzName:'Western European Time'}]",39.5,-8.0,,U+1F1F5 U+1F1F9
178,Puerto Rico,PRI,PR,+1-787 and 1-939,San Juan,USD,$,.pr,Puerto Rico,Americas,Caribbean,"[{zoneName:'America\/Puerto_Rico',gmtOffset:-14400,gmtOffsetName:'UTC-04:00',abbreviation:'AST',tzName:'Atlantic Standard Time'}]",18.25,-66.5,,U+1F1F5 U+1F1F7
179,Qatar,QAT,QA,974,Doha,QAR,q.r,.qa,qTr,Asia,Western Asia,"[{zoneName:'Asia\/Qatar',gmtOffset:10800,gmtOffsetName:'UTC+03:00',abbreviation:'AST',tzName:'Arabia Standard Time'}]",25.5,51.25,,U+1F1F6 U+1F1E6
180,Reunion,REU,RE,262,Saint-Denis,EUR,EUR,.re,La Reunion,Africa,Eastern Africa,"[{zoneName:'Indian\/Reunion',gmtOffset:14400,gmtOffsetName:'UTC+04:00',abbreviation:'RET',tzName:'R\u00e9union Time'}]",-21.15,55.5,,U+1F1F7 U+1F1EA
181,Romania,ROU,RO,40,Bucharest,RON,lei,.ro,Romania,Europe,Eastern Europe,"[{zoneName:'Europe\/Bucharest',gmtOffset:7200,gmtOffsetName:'UTC+02:00',abbreviation:'EET',tzName:'Eastern European Time'}]",46.0,25.0,,U+1F1F7 U+1F1F4
182,Russia,RUS,RU,7,Moscow,RUB,R,.ru,Rossiia,Europe,Eastern Europe,"[{zoneName:'Asia\/Anadyr',gmtOffset:43200,gmtOffsetName:'UTC+12:00',abbreviation:'ANAT',tzName:'Anadyr Time[4'},{zoneName:'Asia\/Barnaul',gmtOffset:25200,gmtOffsetName:'UTC+07:00',abbreviation:'KRAT',tzName:'Krasnoyarsk Time'},{zoneName:'Asia\/Chita',gmtOffset:32400,gmtOffsetName:'UTC+09:00',abbreviation:'YAKT',tzName:'Yakutsk Time'},{zoneName:'Asia\/Irkutsk',gmtOffset:28800,gmtOffsetName:'UTC+08:00',abbreviation:'IRKT',tzName:'Irkutsk Time'},{zoneName:'Asia\/Kamchatka',gmtOffset:43200,gmtOffsetName:'UTC+12:00',abbreviation:'PETT',tzName:'Kamchatka Time'},{zoneName:'Asia\/Khandyga',gmtOffset:32400,gmtOffsetName:'UTC+09:00',abbreviation:'YAKT',tzName:'Yakutsk Time'},{zoneName:'Asia\/Krasnoyarsk',gmtOffset:25200,gmtOffsetName:'UTC+07:00',abbreviation:'KRAT',tzName:'Krasnoyarsk Time'},{zoneName:'Asia\/Magadan',gmtOffset:39600,gmtOffsetName:'UTC+11:00',abbreviation:'MAGT',tzName:'Magadan Time'},{zoneName:'Asia\/Novokuznetsk',gmtOffset:25200,gmtOffsetName:'UTC+07:00',abbreviation:'KRAT',tzName:'Krasnoyarsk Time'},{zoneName:'Asia\/Novosibirsk',gmtOffset:25200,gmtOffsetName:'UTC+07:00',abbreviation:'NOVT',tzName:'Novosibirsk Time'},{zoneName:'Asia\/Omsk',gmtOffset:21600,gmtOffsetName:'UTC+06:00',abbreviation:'OMST',tzName:'Omsk Time'},{zoneName:'Asia\/Sakhalin',gmtOffset:39600,gmtOffsetName:'UTC+11:00',abbreviation:'SAKT',tzName:'Sakhalin Island Time'},{zoneName:'Asia\/Srednekolymsk',gmtOffset:39600,gmtOffsetName:'UTC+11:00',abbreviation:'SRET',tzName:'Srednekolymsk Time'},{zoneName:'Asia\/Tomsk',gmtOffset:25200,gmtOffsetName:'UTC+07:00',abbreviation:'MSD+3',tzName:'Moscow Daylight Time+3'},{zoneName:'Asia\/Ust-Nera',gmtOffset:36000,gmtOffsetName:'UTC+10:00',abbreviation:'VLAT',tzName:'Vladivostok Time'},{zoneName:'Asia\/Vladivostok',gmtOffset:36000,gmtOffsetName:'UTC+10:00',abbreviation:'VLAT',tzName:'Vladivostok Time'},{zoneName:'Asia\/Yakutsk',gmtOffset:32400,gmtOffsetName:'UTC+09:00',abbreviation:'YAKT',tzName:'Yakutsk Time'},{zoneName:'Asia\/Yekaterinburg',gmtOffset:18000,gmtOffsetName:'UTC+05:00',abbreviation:'YEKT',tzName:'Yekaterinburg Time'},{zoneName:'Europe\/Astrakhan',gmtOffset:14400,gmtOffsetName:'UTC+04:00',abbreviation:'SAMT',tzName:'Samara Time'},{zoneName:'Europe\/Kaliningrad',gmtOffset:7200,gmtOffsetName:'UTC+02:00',abbreviation:'EET',tzName:'Eastern European Time'},{zoneName:'Europe\/Kirov',gmtOffset:10800,gmtOffsetName:'UTC+03:00',abbreviation:'MSK',tzName:'Moscow Time'},{zoneName:'Europe\/Moscow',gmtOffset:10800,gmtOffsetName:'UTC+03:00',abbreviation:'MSK',tzName:'Moscow Time'},{zoneName:'Europe\/Samara',gmtOffset:14400,gmtOffsetName:'UTC+04:00',abbreviation:'SAMT',tzName:'Samara Time'},{zoneName:'Europe\/Saratov',gmtOffset:14400,gmtOffsetName:'UTC+04:00',abbreviation:'MSD',tzName:'Moscow Daylight Time+4'},{zoneName:'Europe\/Ulyanovsk',gmtOffset:14400,gmtOffsetName:'UTC+04:00',abbreviation:'SAMT',tzName:'Samara Time'},{zoneName:'Europe\/Volgograd',gmtOffset:14400,gmtOffsetName:'UTC+04:00',abbreviation:'MSK',tzName:'Moscow Standard Time'}]",60.0,100.0,,U+1F1F7 U+1F1FA
183,Rwanda,RWA,RW,250,Kigali,RWF,FRw,.rw,Rwanda,Africa,Eastern Africa,"[{zoneName:'Africa\/Kigali',gmtOffset:7200,gmtOffsetName:'UTC+02:00',abbreviation:'CAT',tzName:'Central Africa Time'}]",-2.0,30.0,,U+1F1F7 U+1F1FC
184,Saint Helena,SHN,SH,290,Jamestown,SHP,PS,.sh,Saint Helena,Africa,Western Africa,"[{zoneName:'Atlantic\/St_Helena',gmtOffset:0,gmtOffsetName:'UTC\u00b100',abbreviation:'GMT',tzName:'Greenwich Mean Time'}]",-15.95,-5.7,,U+1F1F8 U+1F1ED
185,Saint Kitts And Nevis,KNA,KN,+1-869,Basseterre,XCD,$,.kn,Saint Kitts and Nevis,Americas,Caribbean,"[{zoneName:'America\/St_Kitts',gmtOffset:-14400,gmtOffsetName:'UTC-04:00',abbreviation:'AST',tzName:'Atlantic Standard Time'}]",17.33333333,-62.75,,U+1F1F0 U+1F1F3
186,Saint Lucia,LCA,LC,+1-758,Castries,XCD,$,.lc,Saint Lucia,Americas,Caribbean,"[{zoneName:'America\/St_Lucia',gmtOffset:-14400,gmtOffsetName:'UTC-04:00',abbreviation:'AST',tzName:'Atlantic Standard Time'}]",13.88333333,-60.96666666,,U+1F1F1 U+1F1E8
187,Saint Pierre and Miquelon,SPM,PM,508,Saint-Pierre,EUR,EUR,.pm,Saint-Pierre-et-Miquelon,Americas,Northern America,"[{zoneName:'America\/Miquelon',gmtOffset:-10800,gmtOffsetName:'UTC-03:00',abbreviation:'PMDT',tzName:'Pierre & Miquelon Daylight Time'}]",46.83333333,-56.33333333,,U+1F1F5 U+1F1F2
188,Saint Vincent And The Grenadines,VCT,VC,+1-784,Kingstown,XCD,$,.vc,Saint Vincent and the Grenadines,Americas,Caribbean,"[{zoneName:'America\/St_Vincent',gmtOffset:-14400,gmtOffsetName:'UTC-04:00',abbreviation:'AST',tzName:'Atlantic Standard Time'}]",13.25,-61.2,,U+1F1FB U+1F1E8
189,Saint-Barthelemy,BLM,BL,590,Gustavia,EUR,EUR,.bl,Saint-Barthelemy,Americas,Caribbean,"[{zoneName:'America\/St_Barthelemy',gmtOffset:-14400,gmtOffsetName:'UTC-04:00',abbreviation:'AST',tzName:'Atlantic Standard Time'}]",18.5,-63.41666666,,U+1F1E7 U+1F1F1
190,Saint-Martin (French part),MAF,MF,590,Marigot,EUR,EUR,.mf,Saint-Martin,Americas,Caribbean,"[{zoneName:'America\/Marigot',gmtOffset:-14400,gmtOffsetName:'UTC-04:00',abbreviation:'AST',tzName:'Atlantic Standard Time'}]",18.08333333,-63.95,,U+1F1F2 U+1F1EB
191,Samoa,WSM,WS,685,Apia,WST,SAT,.ws,Samoa,Oceania,Polynesia,"[{zoneName:'Pacific\/Apia',gmtOffset:50400,gmtOffsetName:'UTC+14:00',abbreviation:'WST',tzName:'West Samoa Time'}]",-13.58333333,-172.33333333,,U+1F1FC U+1F1F8
192,San Marino,SMR,SM,378,San Marino,EUR,EUR,.sm,San Marino,Europe,Southern Europe,"[{zoneName:'Europe\/San_Marino',gmtOffset:3600,gmtOffsetName:'UTC+01:00',abbreviation:'CET',tzName:'Central European Time'}]",43.76666666,12.41666666,,U+1F1F8 U+1F1F2
193,Sao Tome and Principe,STP,ST,239,Sao Tome,STD,Db,.st,Sao Tome e Principe,Africa,Middle Africa,"[{zoneName:'Africa\/Sao_Tome',gmtOffset:0,gmtOffsetName:'UTC\u00b100',abbreviation:'GMT',tzName:'Greenwich Mean Time'}]",1.0,7.0,,U+1F1F8 U+1F1F9
194,Saudi Arabia,SAU,SA,966,Riyadh,SAR,,.sa,l`rby@ ls`wdy@,Asia,Western Asia,"[{zoneName:'Asia\/Riyadh',gmtOffset:10800,gmtOffsetName:'UTC+03:00',abbreviation:'AST',tzName:'Arabia Standard Time'}]",25.0,45.0,,U+1F1F8 U+1F1E6
195,Senegal,SEN,SN,221,Dakar,XOF,CFA,.sn,Senegal,Africa,Western Africa,"[{zoneName:'Africa\/Dakar',gmtOffset:0,gmtOffsetName:'UTC\u00b100',abbreviation:'GMT',tzName:'Greenwich Mean Time'}]",14.0,-14.0,,U+1F1F8 U+1F1F3
196,Serbia,SRB,RS,381,Belgrade,RSD,din,.rs,Srbija,Europe,Southern Europe,"[{zoneName:'Europe\/Belgrade',gmtOffset:3600,gmtOffsetName:'UTC+01:00',abbreviation:'CET',tzName:'Central European Time'}]",44.0,21.0,,U+1F1F7 U+1F1F8
197,Seychelles,SYC,SC,248,Victoria,SCR,SRe,.sc,Seychelles,Africa,Eastern Africa,"[{zoneName:'Indian\/Mahe',gmtOffset:14400,gmtOffsetName:'UTC+04:00',abbreviation:'SCT',tzName:'Seychelles Time'}]",-4.58333333,55.66666666,,U+1F1F8 U+1F1E8
198,Sierra Leone,SLE,SL,232,Freetown,SLL,Le,.sl,Sierra Leone,Africa,Western Africa,"[{zoneName:'Africa\/Freetown',gmtOffset:0,gmtOffsetName:'UTC\u00b100',abbreviation:'GMT',tzName:'Greenwich Mean Time'}]",8.5,-11.5,,U+1F1F8 U+1F1F1
199,Singapore,SGP,SG,65,Singapur,SGD,$,.sg,Singapore,Asia,South-Eastern Asia,"[{zoneName:'Asia\/Singapore',gmtOffset:28800,gmtOffsetName:'UTC+08:00',abbreviation:'SGT',tzName:'Singapore Time'}]",1.36666666,103.8,,U+1F1F8 U+1F1EC
250,Sint Maarten (Dutch part),SXM,SX,1721,Philipsburg,ANG,f,.sx,Sint Maarten,Americas,Caribbean,"[{zoneName:'America\/Anguilla',gmtOffset:-14400,gmtOffsetName:'UTC-04:00',abbreviation:'AST',tzName:'Atlantic Standard Time'}]",18.033333,-63.05,,U+1F1F8 U+1F1FD
200,Slovakia,SVK,SK,421,Bratislava,EUR,EUR,.sk,Slovensko,Europe,Eastern Europe,"[{zoneName:'Europe\/Bratislava',gmtOffset:3600,gmtOffsetName:'UTC+01:00',abbreviation:'CET',tzName:'Central European Time'}]",48.66666666,19.5,,U+1F1F8 U+1F1F0
201,Slovenia,SVN,SI,386,Ljubljana,EUR,EUR,.si,Slovenija,Europe,Southern Europe,"[{zoneName:'Europe\/Ljubljana',gmtOffset:3600,gmtOffsetName:'UTC+01:00',abbreviation:'CET',tzName:'Central European Time'}]",46.11666666,14.81666666,,U+1F1F8 U+1F1EE
202,Solomon Islands,SLB,SB,677,Honiara,SBD,Si$,.sb,Solomon Islands,Oceania,Melanesia,"[{zoneName:'Pacific\/Guadalcanal',gmtOffset:39600,gmtOffsetName:'UTC+11:00',abbreviation:'SBT',tzName:'Solomon Islands Time'}]",-8.0,159.0,,U+1F1F8 U+1F1E7
203,Somalia,SOM,SO,252,Mogadishu,SOS,Sh.so.,.so,Soomaaliya,Africa,Eastern Africa,"[{zoneName:'Africa\/Mogadishu',gmtOffset:10800,gmtOffsetName:'UTC+03:00',abbreviation:'EAT',tzName:'East Africa Time'}]",10.0,49.0,,U+1F1F8 U+1F1F4
204,South Africa,ZAF,ZA,27,Pretoria,ZAR,R,.za,South Africa,Africa,Southern Africa,"[{zoneName:'Africa\/Johannesburg',gmtOffset:7200,gmtOffsetName:'UTC+02:00',abbreviation:'SAST',tzName:'South African Standard Time'}]",-29.0,24.0,,U+1F1FF U+1F1E6
205,South Georgia,SGS,GS,,Grytviken,GBP,PS,.gs,South Georgia,Americas,South America,"[{zoneName:'Atlantic\/South_Georgia',gmtOffset:-7200,gmtOffsetName:'UTC-02:00',abbreviation:'GST',tzName:'South Georgia and the South Sandwich Islands Time'}]",-54.5,-37.0,,U+1F1EC U+1F1F8
206,South Sudan,SSD,SS,211,Juba,SSP,PS,.ss,South Sudan,Africa,Middle Africa,"[{zoneName:'Africa\/Juba',gmtOffset:10800,gmtOffsetName:'UTC+03:00',abbreviation:'EAT',tzName:'East Africa Time'}]",7.0,30.0,,U+1F1F8 U+1F1F8
207,Spain,ESP,ES,34,Madrid,EUR,EUR,.es,Espana,Europe,Southern Europe,"[{zoneName:'Africa\/Ceuta',gmtOffset:3600,gmtOffsetName:'UTC+01:00',abbreviation:'CET',tzName:'Central European Time'},{zoneName:'Atlantic\/Canary',gmtOffset:0,gmtOffsetName:'UTC\u00b100',abbreviation:'WET',tzName:'Western European Time'},{zoneName:'Europe\/Madrid',gmtOffset:3600,gmtOffsetName:'UTC+01:00',abbreviation:'CET',tzName:'Central European Time'}]",40.0,-4.0,,U+1F1EA U+1F1F8
208,Sri Lanka,LKA,LK,94,Colombo,LKR,Rs,.lk,sri lamkava,Asia,Southern Asia,"[{zoneName:'Asia\/Colombo',gmtOffset:19800,gmtOffsetName:'UTC+05:30',abbreviation:'IST',tzName:'Indian Standard Time'}]",7.0,81.0,,U+1F1F1 U+1F1F0
209,Sudan,SDN,SD,249,Khartoum,SDG,.s.j,.sd,lswdn,Africa,Northern Africa,"[{zoneName:'Africa\/Khartoum',gmtOffset:7200,gmtOffsetName:'UTC+02:00',abbreviation:'EAT',tzName:'Eastern African Time'}]",15.0,30.0,,U+1F1F8 U+1F1E9
210,Suriname,SUR,SR,597,Paramaribo,SRD,$,.sr,Suriname,Americas,South America,"[{zoneName:'America\/Paramaribo',gmtOffset:-10800,gmtOffsetName:'UTC-03:00',abbreviation:'SRT',tzName:'Suriname Time'}]",4.0,-56.0,,U+1F1F8 U+1F1F7
211,Svalbard And Jan Mayen Islands,SJM,SJ,47,Longyearbyen,NOK,kr,.sj,Svalbard og Jan Mayen,Europe,Northern Europe,"[{zoneName:'Arctic\/Longyearbyen',gmtOffset:3600,gmtOffsetName:'UTC+01:00',abbreviation:'CET',tzName:'Central European Time'}]",78.0,20.0,,U+1F1F8 U+1F1EF
212,Swaziland,SWZ,SZ,268,Mbabane,SZL,E,.sz,Swaziland,Africa,Southern Africa,"[{zoneName:'Africa\/Mbabane',gmtOffset:7200,gmtOffsetName:'UTC+02:00',abbreviation:'SAST',tzName:'South African Standard Time'}]",-26.5,31.5,,U+1F1F8 U+1F1FF
213,Sweden,SWE,SE,46,Stockholm,SEK,kr,.se,Sverige,Europe,Northern Europe,"[{zoneName:'Europe\/Stockholm',gmtOffset:3600,gmtOffsetName:'UTC+01:00',abbreviation:'CET',tzName:'Central European Time'}]",62.0,15.0,,U+1F1F8 U+1F1EA
214,Switzerland,CHE,CH,41,Bern,CHF,CHf,.ch,Schweiz,Europe,Western Europe,"[{zoneName:'Europe\/Zurich',gmtOffset:3600,gmtOffsetName:'UTC+01:00',abbreviation:'CET',tzName:'Central European Time'}]",47.0,8.0,,U+1F1E8 U+1F1ED
215,Syria,SYR,SY,963,Damascus,SYP,LS,.sy,swry,Asia,Western Asia,"[{zoneName:'Asia\/Damascus',gmtOffset:7200,gmtOffsetName:'UTC+02:00',abbreviation:'EET',tzName:'Eastern European Time'}]",35.0,38.0,,U+1F1F8 U+1F1FE
216,Taiwan,TWN,TW,886,Taipei,TWD,$,.tw,Tai Wan ,Asia,Eastern Asia,"[{zoneName:'Asia\/Taipei',gmtOffset:28800,gmtOffsetName:'UTC+08:00',abbreviation:'CST',tzName:'China Standard Time'}]",23.5,121.0,,U+1F1F9 U+1F1FC
217,Tajikistan,TJK,TJ,992,Dushanbe,TJS,SM,.tj,Toch'ikiston,Asia,Central Asia,"[{zoneName:'Asia\/Dushanbe',gmtOffset:18000,gmtOffsetName:'UTC+05:00',abbreviation:'TJT',tzName:'Tajikistan Time'}]",39.0,71.0,,U+1F1F9 U+1F1EF
218,Tanzania,TZA,TZ,255,Dodoma,TZS,TSh,.tz,Tanzania,Africa,Eastern Africa,"[{zoneName:'Africa\/Dar_es_Salaam',gmtOffset:10800,gmtOffsetName:'UTC+03:00',abbreviation:'EAT',tzName:'East Africa Time'}]",-6.0,35.0,,U+1F1F9 U+1F1FF
219,Thailand,THA,TH,66,Bangkok,THB,Bh.,.th,praethsaithy,Asia,South-Eastern Asia,"[{zoneName:'Asia\/Bangkok',gmtOffset:25200,gmtOffsetName:'UTC+07:00',abbreviation:'ICT',tzName:'Indochina Time'}]",15.0,100.0,,U+1F1F9 U+1F1ED
220,Togo,TGO,TG,228,Lome,XOF,CFA,.tg,Togo,Africa,Western Africa,"[{zoneName:'Africa\/Lome',gmtOffset:0,gmtOffsetName:'UTC\u00b100',abbreviation:'GMT',tzName:'Greenwich Mean Time'}]",8.0,1.16666666,,U+1F1F9 U+1F1EC
221,Tokelau,TKL,TK,690,,NZD,$,.tk,Tokelau,Oceania,Polynesia,"[{zoneName:'Pacific\/Fakaofo',gmtOffset:46800,gmtOffsetName:'UTC+13:00',abbreviation:'TKT',tzName:'Tokelau Time'}]",-9.0,-172.0,,U+1F1F9 U+1F1F0
222,Tonga,TON,TO,676,Nuku'alofa,TOP,$,.to,Tonga,Oceania,Polynesia,"[{zoneName:'Pacific\/Tongatapu',gmtOffset:46800,gmtOffsetName:'UTC+13:00',abbreviation:'TOT',tzName:'Tonga Time'}]",-20.0,-175.0,,U+1F1F9 U+1F1F4
223,Trinidad And Tobago,TTO,TT,+1-868,Port of Spain,TTD,$,.tt,Trinidad and Tobago,Americas,Caribbean,"[{zoneName:'America\/Port_of_Spain',gmtOffset:-14400,gmtOffsetName:'UTC-04:00',abbreviation:'AST',tzName:'Atlantic Standard Time'}]",11.0,-61.0,,U+1F1F9 U+1F1F9
224,Tunisia,TUN,TN,216,Tunis,TND,t.d,.tn,twns,Africa,Northern Africa,"[{zoneName:'Africa\/Tunis',gmtOffset:3600,gmtOffsetName:'UTC+01:00',abbreviation:'CET',tzName:'Central European Time'}]",34.0,9.0,,U+1F1F9 U+1F1F3
225,Turkey,TUR,TR,90,Ankara,TRY,L,.tr,Turkiye,Asia,Western Asia,"[{zoneName:'Europe\/Istanbul',gmtOffset:10800,gmtOffsetName:'UTC+03:00',abbreviation:'EET',tzName:'Eastern European Time'}]",39.0,35.0,,U+1F1F9 U+1F1F7
226,Turkmenistan,TKM,TM,993,Ashgabat,TMT,T,.tm,Turkmenistan,Asia,Central Asia,"[{zoneName:'Asia\/Ashgabat',gmtOffset:18000,gmtOffsetName:'UTC+05:00',abbreviation:'TMT',tzName:'Turkmenistan Time'}]",40.0,60.0,,U+1F1F9 U+1F1F2
227,Turks And Caicos Islands,TCA,TC,+1-649,Cockburn Town,USD,$,.tc,Turks and Caicos Islands,Americas,Caribbean,"[{zoneName:'America\/Grand_Turk',gmtOffset:-18000,gmtOffsetName:'UTC-05:00',abbreviation:'EST',tzName:'Eastern Standard Time (North America'}]",21.75,-71.58333333,,U+1F1F9 U+1F1E8
228,Tuvalu,TUV,TV,688,Funafuti,AUD,$,.tv,Tuvalu,Oceania,Polynesia,"[{zoneName:'Pacific\/Funafuti',gmtOffset:43200,gmtOffsetName:'UTC+12:00',abbreviation:'TVT',tzName:'Tuvalu Time'}]",-8.0,178.0,,U+1F1F9 U+1F1FB
229,Uganda,UGA,UG,256,Kampala,UGX,USh,.ug,Uganda,Africa,Eastern Africa,"[{zoneName:'Africa\/Kampala',gmtOffset:10800,gmtOffsetName:'UTC+03:00',abbreviation:'EAT',tzName:'East Africa Time'}]",1.0,32.0,,U+1F1FA U+1F1EC
230,Ukraine,UKR,UA,380,Kiev,UAH,UAH,.ua,Ukrayina,Europe,Eastern Europe,"[{zoneName:'Europe\/Kiev',gmtOffset:7200,gmtOffsetName:'UTC+02:00',abbreviation:'EET',tzName:'Eastern European Time'},{zoneName:'Europe\/Simferopol',gmtOffset:10800,gmtOffsetName:'UTC+03:00',abbreviation:'MSK',tzName:'Moscow Time'},{zoneName:'Europe\/Uzhgorod',gmtOffset:7200,gmtOffsetName:'UTC+02:00',abbreviation:'EET',tzName:'Eastern European Time'},{zoneName:'Europe\/Zaporozhye',gmtOffset:7200,gmtOffsetName:'UTC+02:00',abbreviation:'EET',tzName:'Eastern European Time'}]",49.0,32.0,,U+1F1FA U+1F1E6
231,United Arab Emirates,ARE,AE,971,Abu Dhabi,AED,.d,.ae,dwl@ lmrt l`rby@ lmtHd@,Asia,Western Asia,"[{zoneName:'Asia\/Dubai',gmtOffset:14400,gmtOffsetName:'UTC+04:00',abbreviation:'GST',tzName:'Gulf Standard Time'}]",24.0,54.0,,U+1F1E6 U+1F1EA
232,United Kingdom,GBR,GB,44,London,GBP,PS,.uk,United Kingdom,Europe,Northern Europe,"[{zoneName:'Europe\/London',gmtOffset:0,gmtOffsetName:'UTC\u00b100',abbreviation:'GMT',tzName:'Greenwich Mean Time'}]",54.0,-2.0,,U+1F1EC U+1F1E7
233,United States,USA,US,1,Washington,USD,$,.us,United States,Americas,Northern America,"[{zoneName:'America\/Adak',gmtOffset:-36000,gmtOffsetName:'UTC-10:00',abbreviation:'HST',tzName:'Hawaii\u2013Aleutian Standard Time'},{zoneName:'America\/Anchorage',gmtOffset:-32400,gmtOffsetName:'UTC-09:00',abbreviation:'AKST',tzName:'Alaska Standard Time'},{zoneName:'America\/Boise',gmtOffset:-25200,gmtOffsetName:'UTC-07:00',abbreviation:'MST',tzName:'Mountain Standard Time (North America'},{zoneName:'America\/Chicago',gmtOffset:-21600,gmtOffsetName:'UTC-06:00',abbreviation:'CST',tzName:'Central Standard Time (North America'},{zoneName:'America\/Denver',gmtOffset:-25200,gmtOffsetName:'UTC-07:00',abbreviation:'MST',tzName:'Mountain Standard Time (North America'},{zoneName:'America\/Detroit',gmtOffset:-18000,gmtOffsetName:'UTC-05:00',abbreviation:'EST',tzName:'Eastern Standard Time (North America'},{zoneName:'America\/Indiana\/Indianapolis',gmtOffset:-18000,gmtOffsetName:'UTC-05:00',abbreviation:'EST',tzName:'Eastern Standard Time (North America'},{zoneName:'America\/Indiana\/Knox',gmtOffset:-21600,gmtOffsetName:'UTC-06:00',abbreviation:'CST',tzName:'Central Standard Time (North America'},{zoneName:'America\/Indiana\/Marengo',gmtOffset:-18000,gmtOffsetName:'UTC-05:00',abbreviation:'EST',tzName:'Eastern Standard Time (North America'},{zoneName:'America\/Indiana\/Petersburg',gmtOffset:-18000,gmtOffsetName:'UTC-05:00',abbreviation:'EST',tzName:'Eastern Standard Time (North America'},{zoneName:'America\/Indiana\/Tell_City',gmtOffset:-21600,gmtOffsetName:'UTC-06:00',abbreviation:'CST',tzName:'Central Standard Time (North America'},{zoneName:'America\/Indiana\/Vevay',gmtOffset:-18000,gmtOffsetName:'UTC-05:00',abbreviation:'EST',tzName:'Eastern Standard Time (North America'},{zoneName:'America\/Indiana\/Vincennes',gmtOffset:-18000,gmtOffsetName:'UTC-05:00',abbreviation:'EST',tzName:'Eastern Standard Time (North America'},{zoneName:'America\/Indiana\/Winamac',gmtOffset:-18000,gmtOffsetName:'UTC-05:00',abbreviation:'EST',tzName:'Eastern Standard Time (North America'},{zoneName:'America\/Juneau',gmtOffset:-32400,gmtOffsetName:'UTC-09:00',abbreviation:'AKST',tzName:'Alaska Standard Time'},{zoneName:'America\/Kentucky\/Louisville',gmtOffset:-18000,gmtOffsetName:'UTC-05:00',abbreviation:'EST',tzName:'Eastern Standard Time (North America'},{zoneName:'America\/Kentucky\/Monticello',gmtOffset:-18000,gmtOffsetName:'UTC-05:00',abbreviation:'EST',tzName:'Eastern Standard Time (North America'},{zoneName:'America\/Los_Angeles',gmtOffset:-28800,gmtOffsetName:'UTC-08:00',abbreviation:'PST',tzName:'Pacific Standard Time (North America'},{zoneName:'America\/Menominee',gmtOffset:-21600,gmtOffsetName:'UTC-06:00',abbreviation:'CST',tzName:'Central Standard Time (North America'},{zoneName:'America\/Metlakatla',gmtOffset:-32400,gmtOffsetName:'UTC-09:00',abbreviation:'AKST',tzName:'Alaska Standard Time'},{zoneName:'America\/New_York',gmtOffset:-18000,gmtOffsetName:'UTC-05:00',abbreviation:'EST',tzName:'Eastern Standard Time (North America'},{zoneName:'America\/Nome',gmtOffset:-32400,gmtOffsetName:'UTC-09:00',abbreviation:'AKST',tzName:'Alaska Standard Time'},{zoneName:'America\/North_Dakota\/Beulah',gmtOffset:-21600,gmtOffsetName:'UTC-06:00',abbreviation:'CST',tzName:'Central Standard Time (North America'},{zoneName:'America\/North_Dakota\/Center',gmtOffset:-21600,gmtOffsetName:'UTC-06:00',abbreviation:'CST',tzName:'Central Standard Time (North America'},{zoneName:'America\/North_Dakota\/New_Salem',gmtOffset:-21600,gmtOffsetName:'UTC-06:00',abbreviation:'CST',tzName:'Central Standard Time (North America'},{zoneName:'America\/Phoenix',gmtOffset:-25200,gmtOffsetName:'UTC-07:00',abbreviation:'MST',tzName:'Mountain Standard Time (North America'},{zoneName:'America\/Sitka',gmtOffset:-32400,gmtOffsetName:'UTC-09:00',abbreviation:'AKST',tzName:'Alaska Standard Time'},{zoneName:'America\/Yakutat',gmtOffset:-32400,gmtOffsetName:'UTC-09:00',abbreviation:'AKST',tzName:'Alaska Standard Time'},{zoneName:'Pacific\/Honolulu',gmtOffset:-36000,gmtOffsetName:'UTC-10:00',abbreviation:'HST',tzName:'Hawaii\u2013Aleutian Standard Time'}]",38.0,-97.0,,U+1F1FA U+1F1F8
234,United States Minor Outlying Islands,UMI,UM,1,,USD,$,.us,United States Minor Outlying Islands,Americas,Northern America,"[{zoneName:'Pacific\/Midway',gmtOffset:-39600,gmtOffsetName:'UTC-11:00',abbreviation:'SST',tzName:'Samoa Standard Time'},{zoneName:'Pacific\/Wake',gmtOffset:43200,gmtOffsetName:'UTC+12:00',abbreviation:'WAKT',tzName:'Wake Island Time'}]",0.0,0.0,,U+1F1FA U+1F1F2
235,Uruguay,URY,UY,598,Montevideo,UYU,$,.uy,Uruguay,Americas,South America,"[{zoneName:'America\/Montevideo',gmtOffset:-10800,gmtOffsetName:'UTC-03:00',abbreviation:'UYT',tzName:'Uruguay Standard Time'}]",-33.0,-56.0,,U+1F1FA U+1F1FE
236,Uzbekistan,UZB,UZ,998,Tashkent,UZS,lv,.uz,O'zbekiston,Asia,Central Asia,"[{zoneName:'Asia\/Samarkand',gmtOffset:18000,gmtOffsetName:'UTC+05:00',abbreviation:'UZT',tzName:'Uzbekistan Time'},{zoneName:'Asia\/Tashkent',gmtOffset:18000,gmtOffsetName:'UTC+05:00',abbreviation:'UZT',tzName:'Uzbekistan Time'}]",41.0,64.0,,U+1F1FA U+1F1FF
237,Vanuatu,VUT,VU,678,Port Vila,VUV,VT,.vu,Vanuatu,Oceania,Melanesia,"[{zoneName:'Pacific\/Efate',gmtOffset:39600,gmtOffsetName:'UTC+11:00',abbreviation:'VUT',tzName:'Vanuatu Time'}]",-16.0,167.0,,U+1F1FB U+1F1FA
238,Vatican City State (Holy See),VAT,VA,379,Vatican City,EUR,EUR,.va,Vaticano,Europe,Southern Europe,"[{zoneName:'Europe\/Vatican',gmtOffset:3600,gmtOffsetName:'UTC+01:00',abbreviation:'CET',tzName:'Central European Time'}]",41.9,12.45,,U+1F1FB U+1F1E6
239,Venezuela,VEN,VE,58,Caracas,VEF,Bs,.ve,Venezuela,Americas,South America,"[{zoneName:'America\/Caracas',gmtOffset:-14400,gmtOffsetName:'UTC-04:00',abbreviation:'VET',tzName:'Venezuelan Standard Time'}]",8.0,-66.0,,U+1F1FB U+1F1EA
240,Vietnam,VNM,VN,84,Hanoi,VND,D,.vn,Viet Nam,Asia,South-Eastern Asia,"[{zoneName:'Asia\/Ho_Chi_Minh',gmtOffset:25200,gmtOffsetName:'UTC+07:00',abbreviation:'ICT',tzName:'Indochina Time'}]",16.16666666,107.83333333,,U+1F1FB U+1F1F3
241,Virgin Islands (British),VGB,VG,+1-284,Road Town,USD,$,.vg,British Virgin Islands,Americas,Caribbean,"[{zoneName:'America\/Tortola',gmtOffset:-14400,gmtOffsetName:'UTC-04:00',abbreviation:'AST',tzName:'Atlantic Standard Time'}]",18.431383,-64.62305,,U+1F1FB U+1F1EC
242,Virgin Islands (US),VIR,VI,+1-340,Charlotte Amalie,USD,$,.vi,United States Virgin Islands,Americas,Caribbean,"[{zoneName:'America\/St_Thomas',gmtOffset:-14400,gmtOffsetName:'UTC-04:00',abbreviation:'AST',tzName:'Atlantic Standard Time'}]",18.34,-64.93,,U+1F1FB U+1F1EE
243,Wallis And Futuna Islands,WLF,WF,681,Mata Utu,XPF,FF,.wf,Wallis et Futuna,Oceania,Polynesia,"[{zoneName:'Pacific\/Wallis',gmtOffset:43200,gmtOffsetName:'UTC+12:00',abbreviation:'WFT',tzName:'Wallis & Futuna Time'}]",-13.3,-176.2,,U+1F1FC U+1F1EB
244,Western Sahara,ESH,EH,212,El-Aaiun,MAD,MAD,.eh,lSHr lGrby@,Africa,Northern Africa,"[{zoneName:'Africa\/El_Aaiun',gmtOffset:3600,gmtOffsetName:'UTC+01:00',abbreviation:'WEST',tzName:'Western European Summer Time'}]",24.5,-13.0,,U+1F1EA U+1F1ED
245,Yemen,YEM,YE,967,Sanaa,YER,,.ye,lyaman,Asia,Western Asia,"[{zoneName:'Asia\/Aden',gmtOffset:10800,gmtOffsetName:'UTC+03:00',abbreviation:'AST',tzName:'Arabia Standard Time'}]",15.0,48.0,,U+1F1FE U+1F1EA
246,Zambia,ZMB,ZM,260,Lusaka,ZMW,ZK,.zm,Zambia,Africa,Eastern Africa,"[{zoneName:'Africa\/Lusaka',gmtOffset:7200,gmtOffsetName:'UTC+02:00',abbreviation:'CAT',tzName:'Central Africa Time'}]",-15.0,30.0,,U+1F1FF U+1F1F2
247,Zimbabwe,ZWE,ZW,263,Harare,ZWL,$,.zw,Zimbabwe,Africa,Eastern Africa,"[{zoneName:'Africa\/Harare',gmtOffset:7200,gmtOffsetName:'UTC+02:00',abbreviation:'CAT',tzName:'Central Africa Time'}]",-20.0,30.0,,U+1F1FF U+1F1FC
